metacell_id,patient_id,O_transport_mass,source_marginal,transport_cost_diagnostic
2_P_mc000,2,0.08735632183908046,0.08735632183908046,0.5000954950785713
2_P_mc001,2,0.1724137931034483,0.1724137931034483,1.7726441254036003
2_P_mc002,2,0.12873563218390804,0.12873563218390804,0.979771096208141
2_P_mc003,2,0.04827586206896552,0.04827586206896552,0.30684345582442474
2_P_mc004,2,0.08735632183908046,0.08735632183908046,0.8587367656134647
2_P_mc005,2,0.08735632183908046,0.08735632183908046,0.9028923709226512
2_P_mc006,2,0.08735632183908046,0.08735632183908046,0.6478639810921327
2_P_mc007,2,0.004597701149425115,0.004597701149425287,0.15600506307553388
2_P_mc008,2,0.08275862068965517,0.08275862068965517,0.7154341184212867
2_P_mc009,2,0.04367816091954023,0.04367816091954023,0.31214164243911396
2_P_mc010,2,0.08965517241379312,0.0896551724137931,0.6782081456326287
2_P_mc011,2,0.059770114942528735,0.059770114942528735,0.7269107745852494
2_P_mc012,2,0.016091954022988506,0.016091954022988506,0.18716426503413122
2_P_mc013,2,0.004597701149425287,0.004597701149425287,0.14273517471754793
5_P_mc000,5,0.26639344262295084,0.26639344262295084,2.8169922520386743
5_P_mc001,5,0.06967213114754098,0.06967213114754098,2.644557757910693
5_P_mc002,5,0.2540983606557377,0.2540983606557377,2.7952074386189363
5_P_mc003,5,0.02459016393442623,0.02459016393442623,0.4965521206219147
5_P_mc004,5,0.05737704918032787,0.05737704918032787,0.9502059271005987
5_P_mc005,5,0.22131147540983606,0.22131147540983606,3.8835248787499146
5_P_mc006,5,0.08196721311475409,0.08196721311475409,1.1998705569665378
5_P_mc007,5,0.02459016393442623,0.02459016393442623,0.24819092162684844
6_P_mc000,6,0.006082108464267615,0.006082108464267613,0.22829443311860811
6_P_mc001,6,0.008109477952356819,0.008109477952356817,0.08359127135403706
6_P_mc002,6,0.02255448555499239,0.0225544855549924,0.5809067312938646
6_P_mc003,6,0.0040547389761784085,0.0040547389761784085,0.1003789540352549
6_P_mc004,6,0.005321844906234162,0.0053218449062341616,0.1102862779657622
6_P_mc005,6,0.010897110998479469,0.010897110998479472,0.2312239005176337
6_P_mc006,6,0.012671059300557536,0.012671059300557527,0.2507896476189677
6_P_mc007,6,0.005828687278256464,0.005828687278256462,0.13127766248457517
6_P_mc008,6,0.013177901672579827,0.013177901672579827,0.429253528619994
6_P_mc009,6,0.0010136847440446021,0.0010136847440446021,0.013706460988499546
6_P_mc010,6,0.006588950836289915,0.006588950836289914,0.06802670548711087
6_P_mc011,6,0.0030410542321338066,0.0030410542321338066,0.061687890963186845
6_P_mc012,6,0.0022807906741003554,0.002280790674100355,0.07913886624082704
6_P_mc013,6,0.007856056766345666,0.007856056766345666,0.11676585862831336
6_P_mc014,6,0.005321844906234162,0.0053218449062341616,0.09608267521469276
6_P_mc015,6,0.01292448048656868,0.012924480486568676,0.22237392762710737
6_P_mc016,6,0.005068423720223012,0.00506842372022301,0.11947454018925306
6_P_mc017,6,0.0076026355803345165,0.007602635580334516,0.16290930543785248
6_P_mc018,6,0.006588950836289915,0.006588950836289914,0.18949190067089167
6_P_mc019,6,0.006082108464267615,0.006082108464267613,0.1555493708050609
6_P_mc020,6,0.010390268626457169,0.010390268626457172,0.3483738189596678
6_P_mc021,6,0.0055752660922453135,0.005575266092245312,0.121568723285359
6_P_mc022,6,0.003801317790167258,0.003801317790167258,0.09155633334012184
6_P_mc023,6,0.0005068423720223011,0.0005068423720223011,0.013244111922114107
6_P_mc024,6,0.007602635580334515,0.007602635580334516,0.08448199693452658
6_P_mc025,6,0.010136847440446017,0.01013684744044602,0.26337004516800705
6_P_mc026,6,0.003294475418144956,0.003294475418144957,0.06910586954653997
6_P_mc027,6,0.010643689812468323,0.010643689812468323,0.3518168618103352
6_P_mc028,6,0.01621895590471363,0.016218955904713634,0.40657144022664854
6_P_mc029,6,0.0002534211860109575,0.00025342118601115053,0.007220070277829829
6_P_mc030,6,0.005828687278256462,0.005828687278256462,0.14266113402661218
6_P_mc031,6,0.0043081601621895605,0.004308160162189559,0.09001804565141772
6_P_mc032,6,0.006335529650278763,0.0063355296502787635,0.07127672733136574
6_P_mc033,6,0.006335529650278764,0.0063355296502787635,0.13470076902282674
6_P_mc034,6,0.007095793208312211,0.007095793208312215,0.08631006765850768
6_P_mc035,6,0.018499746578813984,0.018499746578813987,0.5555276152645325
6_P_mc036,6,0.00532184490623416,0.0053218449062341616,0.0982364901940213
6_P_mc037,6,0.00506842372022301,0.00506842372022301,0.04221409664843166
6_P_mc038,6,0.0005068423720223011,0.0005068423720223011,0.0126105013997295
6_P_mc039,6,0.009376583882412573,0.00937658388241257,0.13446535064598258
6_P_mc040,6,0.010643689812468316,0.010643689812468323,0.24002373656948836
6_P_mc041,6,0.010390268626457175,0.010390268626457172,0.3038303247947438
6_P_mc042,6,0.005575266092245311,0.005575266092245312,0.132479577167067
6_P_mc043,6,0.017486061834769372,0.017486061834769386,0.3125295262386737
6_P_mc044,6,0.005575266092245314,0.005575266092245312,0.1259970411129664
6_P_mc045,6,0.00481500253421186,0.00481500253421186,0.07434107753795534
6_P_mc046,6,0.00836289913836797,0.008362899138367968,0.19692230031102648
6_P_mc047,6,0.002280790674100355,0.002280790674100355,0.05206832922236747
6_P_mc048,6,0.012164216928535233,0.012164216928535226,0.305826090687635
6_P_mc049,6,0.007349214394323366,0.007349214394323365,0.1327327095019531
6_P_mc050,6,0.0012671059300557526,0.0012671059300557526,0.03452588842018401
6_P_mc051,6,0.007095793208312216,0.007095793208312215,0.09036991754985346
6_P_mc052,6,0.019006588950836293,0.01900658895083629,0.3602232347997043
6_P_mc053,6,0.005575266092245316,0.005575266092245312,0.1234425424767926
6_P_mc054,6,0.00025342118601115053,0.00025342118601115053,0.0059798922181483185
6_P_mc055,6,0.00456158134820071,0.00456158134820071,0.057275754668683614
6_P_mc056,6,0.010136847440446024,0.01013684744044602,0.1812848701166642
6_P_mc057,6,0.00506842372022301,0.00506842372022301,0.044273442901300156
6_P_mc058,6,0.01140395337050178,0.011403953370501775,0.3922295697993111
6_P_mc059,6,0.011910795742524079,0.011910795742524075,0.20376683787046956
6_P_mc060,6,0.008109477952356819,0.008109477952356817,0.08708981298859447
6_P_mc061,6,0.0032944754181449564,0.003294475418144957,0.08923020370299774
6_P_mc062,6,0.006082108464267613,0.006082108464267613,0.10959227104556413
6_P_mc063,6,0.01976685250886975,0.019766852508869743,0.5324101233987512
6_P_mc064,6,0.006335529650278764,0.0063355296502787635,0.0956246405536215
6_P_mc065,6,0.0035478966041561063,0.0035478966041561076,0.08579266256494643
6_P_mc066,6,0.004561581348200712,0.00456158134820071,0.057221824260151516
6_P_mc067,6,0.006335529650278764,0.0063355296502787635,0.11652671096247237
6_P_mc068,6,0.006842372022301062,0.006842372022301064,0.1459778801367499
6_P_mc069,6,0.006335529650278767,0.0063355296502787635,0.16435061884456925
6_P_mc070,6,0.010897110998479467,0.010897110998479472,0.32215911312227985
6_P_mc071,6,0.017739483020780544,0.017739483020780537,0.5176205917380947
6_P_mc072,6,0.014191586416624435,0.01419158641662443,0.4117225464103461
6_P_mc073,6,0.012417638114546383,0.012417638114546376,0.2662926130713322
6_P_mc074,6,0.008362899138367968,0.008362899138367968,0.1642146872701674
6_P_mc075,6,0.007602635580334516,0.007602635580334516,0.1440461282617034
6_P_mc076,6,0.002787633046122655,0.002787633046122656,0.11743043779994201
6_P_mc077,6,0.009883426254434871,0.009883426254434871,0.10387692988712495
6_P_mc078,6,0.01317790167257983,0.013177901672579827,0.25187387043528026
6_P_mc079,6,0.00810947795235682,0.008109477952356817,0.17019318235877334
6_P_mc080,6,0.010897110998479469,0.010897110998479472,0.3192234803637995
6_P_mc081,6,0.004815002534211858,0.00481500253421186,0.09278266749691008
6_P_mc082,6,0.007856056766345666,0.007856056766345666,0.13417960123909506
6_P_mc083,6,0.016472377090724778,0.016472377090724785,0.5641968672190063
6_P_mc084,6,0.009630005068423715,0.00963000506842372,0.2250339834308797
6_P_mc085,6,0.00557526609224531,0.005575266092245312,0.0815628858927182
6_P_mc086,6,0.004054738976178408,0.0040547389761784085,0.07817798280729263
6_P_mc087,6,0.005575266092245311,0.005575266092245312,0.17004648254633467
6_P_mc088,6,0.009883426254434871,0.009883426254434871,0.11265120039186968
6_P_mc089,6,0.0020273694880892043,0.0020273694880892043,0.037018277187919425
6_P_mc090,6,0.004054738976178409,0.0040547389761784085,0.0911994790270226
6_P_mc091,6,0.006842372022301062,0.006842372022301064,0.17286955022971778
6_P_mc092,6,0.016725798276735933,0.016725798276735936,0.49703219243015107
6_P_mc093,6,0.004308160162189555,0.004308160162189559,0.09659982785421371
6_P_mc094,6,0.0043081601621895605,0.004308160162189559,0.11408233631367194
6_P_mc095,6,0.01089711099847947,0.010897110998479472,0.20979671917739062
6_P_mc096,6,0.006082108464267616,0.006082108464267613,0.13144267511455185
6_P_mc097,6,0.015205271160669028,0.015205271160669031,0.3033083848029194
6_P_mc098,6,0.0015205271160669033,0.0015205271160669033,0.041097963745408916
6_P_mc099,6,0.0053218449062341616,0.0053218449062341616,0.06118179624577884
6_P_mc100,6,0.0030410542321338057,0.0030410542321338066,0.09370474880868272
6_P_mc101,6,0.006082108464267613,0.006082108464267613,0.06889723154300123
6_P_mc102,6,0.0015205271160669033,0.0015205271160669033,0.0429116083371854
6_P_mc103,6,0.0020273694880892047,0.0020273694880892043,0.03402898991932127
6_P_mc104,6,0.0068423720223010675,0.006842372022301064,0.18695509132570054
6_P_mc105,6,0.0038013177901672583,0.003801317790167258,0.07307583453157554
6_P_mc106,6,0.004308160162189559,0.004308160162189559,0.12809287702321798
6_P_mc107,6,0.01773948302078054,0.017739483020780537,0.37945095181528743
6_P_mc108,6,0.007602635580334517,0.007602635580334516,0.0916392129482397
6_P_mc109,6,0.013938165230613276,0.013938165230613279,0.34227494872829545
6_P_mc110,6,0.010643689812468325,0.010643689812468323,0.32774143417538687
6_P_mc111,6,0.004054738976178409,0.0040547389761784085,0.04593105055782003
6_P_mc112,6,0.006335529650278764,0.0063355296502787635,0.09004138073853252
6_P_mc113,6,0.010390268626457174,0.010390268626457172,0.23276019817266197
6_P_mc114,6,0.003801317790167258,0.003801317790167258,0.07041998311035297
6_P_mc115,6,0.006335529650278763,0.0063355296502787635,0.0798198168387503
6_P_mc116,6,0.005575266092245309,0.005575266092245312,0.1413503939841222
6_P_mc117,6,0.005068423720223016,0.00506842372022301,0.11733418384650142
6_P_mc118,6,0.015965534718702476,0.015965534718702483,0.183086068854034
6_P_mc119,6,0.012164216928535225,0.012164216928535226,0.2387791456350598
6_P_mc120,6,0.014951849974657882,0.014951849974657882,0.3623083136828237
6_P_mc121,6,0.00506842372022301,0.00506842372022301,0.13895300762792423
6_P_mc122,6,0.0035478966041561097,0.0035478966041561076,0.10285906871375418
6_P_mc123,6,0.016472377090724785,0.016472377090724785,0.47410134540048005
6_P_mc124,6,0.010136847440446023,0.01013684744044602,0.22291165123474896
6_P_mc125,6,0.0025342118601115048,0.002534211860111505,0.06248141499110208
6_P_mc126,6,0.004815002534211861,0.00481500253421186,0.0983387975338315
6_P_mc127,6,0.003041054232133806,0.0030410542321338066,0.07505161479917503
6_P_mc128,6,0.00025342118601115053,0.00025342118601115053,0.006082506434172176
6_P_mc129,6,0.0010136847440446021,0.0010136847440446021,0.029270169788202436
6_P_mc130,6,0.006335529650278764,0.0063355296502787635,0.12588401985189607
6_P_mc131,6,0.005068423720223012,0.00506842372022301,0.1939724406401682
7_P_mc000,7,0.0737564322469983,0.07375643224699828,1.0475571826190182
7_P_mc001,7,0.0634648370497427,0.0634648370497427,0.4188603667156767
7_P_mc002,7,0.06518010291595197,0.06518010291595197,0.3765392995070979
7_P_mc003,7,0.08747855917667238,0.08747855917667238,0.4210756443297877
7_P_mc004,7,0.07032590051457976,0.07032590051457976,0.7071431546476643
7_P_mc005,7,0.003430531732418525,0.003430531732418525,0.08677409575419086
7_P_mc006,7,0.09433962264150941,0.09433962264150944,0.5701863856804732
7_P_mc007,7,0.0017152658662092624,0.0017152658662092624,0.0835202982472045
7_P_mc008,7,0.07890222984562612,0.07890222984562607,1.051613260420781
7_P_mc009,7,0.039451114922813044,0.03945111492281304,0.37863281733460624
7_P_mc010,7,0.00686106346483705,0.00686106346483705,0.17673685041837753
7_P_mc011,7,0.03602058319039451,0.036020583190394515,0.44591057028038444
7_P_mc012,7,0.0548885077186964,0.0548885077186964,0.2152353619662969
7_P_mc013,7,0.07375643224699827,0.07375643224699828,0.5917345196228667
7_P_mc014,7,0.03430531732418525,0.03430531732418525,0.12191607718498518
7_P_mc015,7,0.032590051457975985,0.032590051457975985,0.3483756932821046
7_P_mc016,7,0.10463121783876501,0.10463121783876501,1.7053091216319571
7_P_mc017,7,0.04802744425385935,0.048027444253859346,0.5502387207498666
7_P_mc018,7,0.030874785591766724,0.030874785591766724,0.1547246406387786
9_P_mc000,9,0.004805456518369246,0.004805456518369245,0.04277410025198695
9_P_mc001,9,0.005425515423965277,0.005425515423965277,0.049695205304195376
9_P_mc002,9,0.0071306774143543635,0.0071306774143543635,0.06572989000473148
9_P_mc003,9,0.0023252208959851192,0.002325220895985119,0.022941959288950542
9_P_mc004,9,0.00961091303673849,0.00961091303673849,0.10385311368961347
9_P_mc005,9,0.0032553092543791662,0.0032553092543791662,0.023423024589095558
9_P_mc006,9,0.003875368159975198,0.0038753681599751977,0.029401011825721225
9_P_mc007,9,0.008060765772748411,0.008060765772748411,0.08590300172599745
9_P_mc008,9,0.009145868857541466,0.009145868857541466,0.08015208727510527
9_P_mc009,9,0.005270500697566268,0.005270500697566269,0.05092764206946141
9_P_mc010,9,0.002325220895985119,0.002325220895985119,0.021761136606422392
9_P_mc011,9,0.007905751046349403,0.007905751046349403,0.06438263125457788
9_P_mc012,9,0.005735544876763291,0.005735544876763293,0.0515353072592162
9_P_mc013,9,0.005580530150364285,0.005580530150364285,0.04303744310087668
9_P_mc014,9,0.0009300883583940477,0.0009300883583940474,0.027711056707810003
9_P_mc015,9,0.005270500697566269,0.005270500697566269,0.041459976842389015
9_P_mc016,9,0.0032553092543791662,0.0032553092543791662,0.03003433595423876
9_P_mc017,9,0.0017051619903890869,0.0017051619903890869,0.014868904605142065
9_P_mc018,9,0.007750736319950395,0.007750736319950395,0.07122585163558788
9_P_mc019,9,0.006045574329561308,0.0060455743295613085,0.04322441393693782
9_P_mc020,9,0.00945589831033948,0.009455898310339482,0.0849071550305632
9_P_mc021,9,0.0026352503487831343,0.0026352503487831343,0.024213590421593666
9_P_mc022,9,0.0034103239807781738,0.0034103239807781738,0.037390775714781554
9_P_mc023,9,0.006200589055960316,0.0062005890559603165,0.0458956160350215
9_P_mc024,9,0.0049604712447682536,0.004960471244768253,0.07003041762714754
9_P_mc025,9,0.0001550147263990079,0.0001550147263990079,0.003109346442620316
9_P_mc026,9,0.006045574329561309,0.0060455743295613085,0.06550804471814274
9_P_mc027,9,0.002790265075182142,0.0027902650751821423,0.028111216126180134
9_P_mc028,9,0.0009300883583938966,0.0009300883583940474,0.0200119709172387
9_P_mc029,9,0.004650441791970238,0.004650441791970238,0.04087412579416931
9_P_mc030,9,0.0060455743295613085,0.0060455743295613085,0.055295934315384154
9_P_mc031,9,0.0075957215935513875,0.0075957215935513875,0.06872642391893834
9_P_mc032,9,0.006510618508758333,0.0065106185087583325,0.05945886638361247
9_P_mc033,9,0.005270500697566268,0.005270500697566269,0.04831052117907477
9_P_mc034,9,0.01302123701751666,0.013021237017516665,0.12027621907168476
9_P_mc035,9,0.0029452798015811503,0.0029452798015811503,0.02919662491269821
9_P_mc036,9,0.0037203534335761897,0.0037203534335761897,0.031118249674242243
9_P_mc037,9,0.0031002945279801583,0.0031002945279801583,0.02778041366632709
9_P_mc038,9,0.008215780499147417,0.008215780499147418,0.07599468740437328
9_P_mc039,9,0.006665633235157339,0.00666563323515734,0.05665167928756462
9_P_mc040,9,0.004185397612773214,0.004185397612773214,0.04117401130997615
9_P_mc041,9,0.0055805301503642855,0.005580530150364285,0.06931046844599684
9_P_mc042,9,0.005890559603162301,0.0058905596031623006,0.07347980901711507
9_P_mc043,9,0.00449542706557123,0.00449542706557123,0.03172703631733022
9_P_mc044,9,0.0075957215935513875,0.0075957215935513875,0.05937862929690768
9_P_mc045,9,0.0027902650751821423,0.0027902650751821423,0.0218080114898118
9_P_mc046,9,0.006510618508758332,0.0065106185087583325,0.06654256034746715
9_P_mc047,9,0.00449542706557123,0.00449542706557123,0.04444007270318325
9_P_mc048,9,0.011471089753526585,0.011471089753526585,0.11758419269760552
9_P_mc049,9,0.002170206169586111,0.002170206169586111,0.020660995266206416
9_P_mc050,9,0.0004650441791970237,0.0004650441791970237,0.005221804267991295
9_P_mc051,9,0.004030382886374206,0.004030382886374206,0.030333112022379736
9_P_mc052,9,0.005270500697566271,0.005270500697566269,0.05824447074445791
9_P_mc053,9,0.001550147263990079,0.0015501472639900791,0.017256267967829236
9_P_mc054,9,0.010075957215935509,0.010075957215935514,0.11858145958566862
9_P_mc055,9,0.008215780499147417,0.008215780499147418,0.07168624424179168
9_P_mc056,9,0.0034103239807781738,0.0034103239807781738,0.02819926692482211
9_P_mc057,9,0.006200589055960316,0.0062005890559603165,0.0473076235171902
9_P_mc058,9,0.0015501472639900791,0.0015501472639900791,0.0168774011448861
9_P_mc059,9,0.002015191443187103,0.002015191443187103,0.021492882035213948
9_P_mc060,9,0.0018601767167880949,0.0018601767167880949,0.016118360925142662
9_P_mc061,9,0.004805456518369245,0.004805456518369245,0.04075796232547515
9_P_mc062,9,0.008215780499147418,0.008215780499147418,0.07177506097449843
9_P_mc063,9,0.0038753681599751977,0.0038753681599751977,0.03216008307596398
9_P_mc064,9,0.002015191443187103,0.002015191443187103,0.014518280878401676
9_P_mc065,9,0.0058905596031623006,0.0058905596031623006,0.04954611562635865
9_P_mc066,9,0.006355603782359324,0.0063556037823593245,0.0895635972212226
9_P_mc067,9,0.006045574329561307,0.0060455743295613085,0.14295391820766093
9_P_mc068,9,0.006355603782359325,0.0063556037823593245,0.07370341382857531
9_P_mc069,9,0.005735544876763293,0.005735544876763293,0.04793541825907114
9_P_mc070,9,0.006200589055960316,0.0062005890559603165,0.04980857704069885
9_P_mc071,9,0.008060765772748415,0.008060765772748411,0.08189778775492537
9_P_mc072,9,0.0063556037823593245,0.0063556037823593245,0.05680684368068683
9_P_mc073,9,0.005580530150364284,0.005580530150364285,0.057256383566136444
9_P_mc074,9,0.002325220895985119,0.002325220895985119,0.022268072246727257
9_P_mc075,9,0.003255309254379166,0.0032553092543791662,0.023156233862972667
9_P_mc076,9,0.002325220895985119,0.002325220895985119,0.040607933392733726
9_P_mc077,9,0.0037203534335761897,0.0037203534335761897,0.034194310967253616
9_P_mc078,9,0.0032553092543791667,0.0032553092543791662,0.028948616154945074
9_P_mc079,9,0.006820647961556346,0.0068206479615563476,0.06879744754376246
9_P_mc080,9,0.0058905596031623,0.0058905596031623006,0.06753656093486916
9_P_mc081,9,0.0072856921407533715,0.0072856921407533715,0.08160920677338399
9_P_mc082,9,0.005270500697566268,0.005270500697566269,0.0845631303273459
9_P_mc083,9,0.005890559603162301,0.0058905596031623006,0.06298562052586082
9_P_mc084,9,0.0001550147263990079,0.0001550147263990079,0.004375304605057431
9_P_mc085,9,0.001395132537591071,0.0013951325375910712,0.011775529454183876
9_P_mc086,9,0.0007750736319950397,0.0007750736319950396,0.008013606643211314
9_P_mc087,9,0.005735544876763293,0.005735544876763293,0.04789831140850612
9_P_mc088,9,0.002015191443187103,0.002015191443187103,0.03214288384531329
9_P_mc089,9,0.005115485971167261,0.005115485971167261,0.0627148931582771
9_P_mc090,9,0.0034103239807781738,0.0034103239807781738,0.04556646013636324
9_P_mc091,9,0.0040303828863742066,0.004030382886374206,0.04012287059615741
9_P_mc092,9,0.0024802356223841263,0.0024802356223841263,0.01879051301510608
9_P_mc093,9,0.007905751046349403,0.007905751046349403,0.055434962805823676
9_P_mc094,9,0.0003100294527980158,0.0003100294527980158,0.003847823940160837
9_P_mc095,9,0.0007750736319950396,0.0007750736319950396,0.008623686471168198
9_P_mc096,9,0.0031002945279801583,0.0031002945279801583,0.019573404382690528
9_P_mc097,9,0.0055805301503642855,0.005580530150364285,0.04527283005438977
9_P_mc098,9,0.0018601767167880949,0.0018601767167880949,0.019995914602090277
9_P_mc099,9,0.0001550147263990079,0.0001550147263990079,0.0017699996138193649
9_P_mc100,9,0.0018601767167880949,0.0018601767167880949,0.02756530852677455
9_P_mc101,9,0.0031002945279801583,0.0031002945279801583,0.02748334892016159
9_P_mc102,9,0.006975662687955356,0.0069756626879553555,0.06561952067359286
9_P_mc103,9,0.0034103239807781738,0.0034103239807781738,0.020326566404722253
9_P_mc104,9,0.006665633235157339,0.00666563323515734,0.0698707023668976
9_P_mc105,9,0.0058905596031623006,0.0058905596031623006,0.050929871992200566
9_P_mc106,9,0.008835839404743456,0.00883583940474345,0.07603464206670654
9_P_mc107,9,0.0048054565183692464,0.004805456518369245,0.06166528220733191
9_P_mc108,9,0.0052705006975662695,0.005270500697566269,0.039957320591928844
9_P_mc109,9,0.009765927763137495,0.009765927763137498,0.07810846113297128
9_P_mc110,9,0.0004650441791970237,0.0004650441791970237,0.006252104534649099
9_P_mc111,9,0.0038753681599751986,0.0038753681599751977,0.04509667756571642
9_P_mc112,9,0.004340412339172221,0.004340412339172222,0.044531824749240494
9_P_mc113,9,0.004805456518369245,0.004805456518369245,0.048516424267428526
9_P_mc114,9,0.00728569214075337,0.0072856921407533715,0.07758455036358708
9_P_mc115,9,0.007595721593551388,0.0075957215935513875,0.08348119092997494
9_P_mc116,9,0.0018601767167880949,0.0018601767167880949,0.017100011499341712
9_P_mc117,9,0.008370795225546426,0.008370795225546427,0.09427232917408088
9_P_mc118,9,0.0026352503487831343,0.0026352503487831343,0.018876500894739554
9_P_mc119,9,0.008060765772748411,0.008060765772748411,0.07534412101388907
9_P_mc120,9,0.0035653387071771813,0.0035653387071771818,0.03003568344621509
9_P_mc121,9,0.0071306774143543635,0.0071306774143543635,0.07382422752013579
9_P_mc122,9,0.008525809951945434,0.008525809951945434,0.08540777780609009
9_P_mc123,9,0.0029452798015811503,0.0029452798015811503,0.02318244779518179
9_P_mc124,9,0.002635250348783134,0.0026352503487831343,0.023297051150055276
9_P_mc125,9,0.004805456518369245,0.004805456518369245,0.04804554849547875
9_P_mc126,9,0.004650441791970238,0.004650441791970238,0.038250522035160446
9_P_mc127,9,0.00883583940474345,0.00883583940474345,0.07317954552327456
9_P_mc128,9,0.00449542706557123,0.00449542706557123,0.04023156238272545
9_P_mc129,9,0.0001550147263990079,0.0001550147263990079,0.003151868153631652
9_P_mc130,9,0.0009300883583940474,0.0009300883583940474,0.009801775220403416
9_P_mc131,9,0.008060765772748411,0.008060765772748411,0.06739524770501816
9_P_mc132,9,0.004340412339172222,0.004340412339172222,0.03027622320508545
9_P_mc133,9,0.009455898310339482,0.009455898310339482,0.07996090383770119
9_P_mc134,9,0.002015191443187103,0.002015191443187103,0.012922607991388686
9_P_mc135,9,0.01038598666873353,0.01038598666873353,0.09962755601408002
9_P_mc136,9,0.00961091303673849,0.00961091303673849,0.07166423609748832
9_P_mc137,9,0.0029452798015811507,0.0029452798015811503,0.0273644122224857
9_P_mc138,9,0.0034103239807781738,0.0034103239807781738,0.030921366816699238
9_P_mc139,9,0.003255309254379166,0.0032553092543791662,0.020722389805589676
9_P_mc140,9,0.0007750736319950396,0.0007750736319950396,0.01205799658918649
9_P_mc141,9,0.004185397612773214,0.004185397612773214,0.039350081994469405
9_P_mc142,9,0.0029452798015811503,0.0029452798015811503,0.03090493242732861
9_P_mc143,9,0.005735544876763293,0.005735544876763293,0.04454205927513361
9_P_mc144,9,0.0077507363199503946,0.007750736319950395,0.062105792469625866
9_P_mc145,9,0.0010851030847930554,0.0010851030847930554,0.008035715947984733
9_P_mc146,9,0.0003100294527980158,0.0003100294527980158,0.005137327544975545
9_P_mc147,9,0.0024802356223841263,0.0024802356223841263,0.016827998493217936
9_P_mc148,9,0.006510618508758333,0.0065106185087583325,0.05861301109691612
9_P_mc149,9,0.003100294527980157,0.0031002945279801583,0.02191392961109662
9_P_mc150,9,0.004960471244768253,0.004960471244768253,0.04387079796798936
9_P_mc151,9,0.004030382886374206,0.004030382886374206,0.05598750412525726
9_P_mc152,9,0.006200589055960317,0.0062005890559603165,0.06330564232728907
9_P_mc153,9,0.004960471244768252,0.004960471244768253,0.05869438713654245
9_P_mc154,9,0.0001550147263990079,0.0001550147263990079,0.0019294343371556253
9_P_mc155,9,0.002325220895985119,0.002325220895985119,0.014934764536567164
9_P_mc156,9,0.0031002945279801583,0.0031002945279801583,0.023569687375459794
9_P_mc157,9,0.010230971942334523,0.010230971942334521,0.09801226382556609
9_P_mc158,9,0.005735544876763293,0.005735544876763293,0.04145695123380976
9_P_mc159,9,0.005580530150364284,0.005580530150364285,0.04502718766501048
9_P_mc160,9,0.0013951325375910712,0.0013951325375910712,0.012946072284627371
9_P_mc161,9,0.002170206169586111,0.002170206169586111,0.014685248591912866
9_P_mc162,9,0.0024802356223841263,0.0024802356223841263,0.023482326462643022
9_P_mc163,9,0.0017051619903890869,0.0017051619903890869,0.014102389896796241
9_P_mc164,9,0.005425515423965277,0.005425515423965277,0.06873775502748115
9_P_mc165,9,0.0001550147263990079,0.0001550147263990079,0.0034545855607849628
9_P_mc166,9,0.005270500697566269,0.005270500697566269,0.05117966830618647
9_P_mc167,9,0.0035653387071771818,0.0035653387071771818,0.032152985243572296
9_P_mc168,9,0.004185397612773214,0.004185397612773214,0.09523302630093367
9_P_mc169,9,0.0006200589055960316,0.0006200589055960316,0.009679658268968144
9_P_mc170,9,0.007750736319950399,0.007750736319950395,0.05646759263412934
9_P_mc171,9,0.0032553092543791662,0.0032553092543791662,0.02912042920378923
9_P_mc172,9,0.001395132537591071,0.0013951325375910712,0.016396441707167364
9_P_mc173,9,0.0015501472639900793,0.0015501472639900791,0.03428193609093735
9_P_mc174,9,0.006355603782359323,0.0063556037823593245,0.04876857679295069
9_P_mc175,9,0.0035653387071771818,0.0035653387071771818,0.029954520948236654
9_P_mc176,9,0.008680824678344442,0.008680824678344443,0.060596738067774505
9_P_mc177,9,0.002170206169586111,0.002170206169586111,0.02250056856499082
9_P_mc178,9,0.004340412339172222,0.004340412339172222,0.044625990299723264
9_P_mc179,9,0.0010851030847930554,0.0010851030847930554,0.010317899535062763
9_P_mc180,9,0.009920942489536507,0.009920942489536505,0.06077278596299998
9_P_mc181,9,0.0037203534335761893,0.0037203534335761897,0.023806205874689037
9_P_mc182,9,0.005580530150364285,0.005580530150364285,0.05106261584417876
9_P_mc183,9,0.0037203534335761897,0.0037203534335761897,0.02685538497581929
9_P_mc184,9,0.0018601767167880949,0.0018601767167880949,0.013491149336223406
9_P_mc185,9,0.0003100294527980158,0.0003100294527980158,0.006260562072352387
9_P_mc186,9,0.0029452798015811503,0.0029452798015811503,0.01482640654459961
9_P_mc187,9,0.009455898310339479,0.009455898310339482,0.07038644769801376
9_P_mc188,9,0.004805456518369245,0.004805456518369245,0.048207050830656205
9_P_mc189,9,0.002325220895985119,0.002325220895985119,0.023057554085470656
9_P_mc190,9,0.0041853976127732145,0.004185397612773214,0.04213640888990285
9_P_mc191,9,0.001550147263990079,0.0015501472639900791,0.014824794622274692
9_P_mc192,9,0.0021702061695861113,0.002170206169586111,0.019359989757640174
9_P_mc193,9,0.0017051619903890869,0.0017051619903890869,0.017020367592022325
9_P_mc194,9,0.0048054565183692464,0.004805456518369245,0.041061166740164794
9_P_mc195,9,0.0027902650751821423,0.0027902650751821423,0.02656568682288277
9_P_mc196,9,0.007285692140753372,0.0072856921407533715,0.07220254037145524
9_P_mc197,9,0.006820647961556348,0.0068206479615563476,0.05951006585338133
9_P_mc198,9,0.006510618508758334,0.0065106185087583325,0.04184266245826244
9_P_mc199,9,0.0037203534335761897,0.0037203534335761897,0.03032691640191119
9_P_mc200,9,0.002170206169586111,0.002170206169586111,0.02594517199490816
9_P_mc201,9,0.002945279801581151,0.0029452798015811503,0.02287598970623238
9_P_mc202,9,0.0031002945279801583,0.0031002945279801583,0.022672961728219837
9_P_mc203,9,0.005580530150364284,0.005580530150364285,0.042166163456731104
9_P_mc204,9,0.006510618508758332,0.0065106185087583325,0.06090704019194731
9_P_mc205,9,0.0049604712447682536,0.004960471244768253,0.0455580503152881
9_P_mc206,9,0.010696016121531546,0.010696016121531546,0.10268836885290689
9_P_mc207,9,0.009455898310339488,0.009455898310339482,0.07446300198536898
9_P_mc208,9,0.0007750736319950396,0.0007750736319950396,0.005380145019761031
9_P_mc209,9,0.005115485971167262,0.005115485971167261,0.05916967275445335
9_P_mc210,9,0.004185397612773214,0.004185397612773214,0.03851798324212381
9_P_mc211,9,0.007595721593551388,0.0075957215935513875,0.0888083647884843
9_P_mc212,9,0.005115485971167261,0.005115485971167261,0.04341724620769728
9_P_mc213,9,0.008060765772748411,0.008060765772748411,0.059413492689628235
9_P_mc214,9,0.004340412339172222,0.004340412339172222,0.048893570427408425
10_P_mc000,10,0.2283464566929134,0.2283464566929134,1.8543515832621775
10_P_mc001,10,0.40944881889763785,0.4094488188976378,9.323517622640475
10_P_mc002,10,0.015748031496062992,0.015748031496062992,0.403421640005852
10_P_mc003,10,0.34645669291338593,0.3464566929133858,10.94513485896796
11_P_mc000,11,0.0036127167630057803,0.0036127167630057803,0.0533887606953414
11_P_mc001,11,0.011921965317919074,0.011921965317919074,0.09716111072293845
11_P_mc002,11,0.018424855491329488,0.01842485549132948,0.21587437815688654
11_P_mc003,11,0.01445086705202312,0.014450867052023121,0.20938237767951184
11_P_mc004,11,0.005780346820809249,0.005780346820809248,0.07992040077314674
11_P_mc005,11,0.017702312138728332,0.017702312138728325,0.1327110395765456
11_P_mc006,11,0.0032514450867052024,0.0032514450867052024,0.06330262763291539
11_P_mc007,11,0.018063583815028907,0.018063583815028903,0.15192248509788464
11_P_mc008,11,0.01119942196531792,0.011199421965317919,0.11687513014281721
11_P_mc009,11,0.013367052023121388,0.013367052023121388,0.16440782573162152
11_P_mc010,11,0.0032514450867052024,0.0032514450867052024,0.04921388712970952
11_P_mc011,11,0.017702312138728325,0.017702312138728325,0.15333532825120946
11_P_mc012,11,0.028179190751445087,0.028179190751445087,0.2984937242702686
11_P_mc013,11,0.014812138728323695,0.014812138728323699,0.1825029529176385
11_P_mc014,11,0.011560693641618497,0.011560693641618497,0.1562181586023394
11_P_mc015,11,0.01192196531791908,0.011921965317919074,0.16076011070958288
11_P_mc016,11,0.015895953757225426,0.015895953757225433,0.20888585697459672
11_P_mc017,11,0.006864161849710982,0.006864161849710983,0.07353435646777098
11_P_mc018,11,0.005057803468208092,0.0050578034682080926,0.04174141867777691
11_P_mc019,11,0.019147398843930637,0.019147398843930637,0.18298183853367145
11_P_mc020,11,0.005780346820809248,0.005780346820809248,0.08118184356941772
11_P_mc021,11,0.010115606936416187,0.010115606936416185,0.2198165659333511
11_P_mc022,11,0.014450867052023121,0.014450867052023121,0.21682520240392256
11_P_mc023,11,0.013728323699421965,0.013728323699421965,0.1281609622372383
11_P_mc024,11,0.017341040462427747,0.017341040462427744,0.20081570062605975
11_P_mc025,11,0.014812138728323699,0.014812138728323699,0.11226100515334081
11_P_mc026,11,0.016257225433526014,0.01625722543352601,0.15723517700324258
11_P_mc027,11,0.0025289017341040463,0.0025289017341040463,0.025551054156401742
11_P_mc028,11,0.008309248554913294,0.008309248554913294,0.09977351303066508
11_P_mc029,11,0.013367052023121396,0.013367052023121388,0.17827445777016598
11_P_mc030,11,0.007225433526011559,0.0072254335260115606,0.0817136523988591
11_P_mc031,11,0.01661849710982659,0.016618497109826588,0.16808630376654232
11_P_mc032,11,0.010476878612716768,0.010476878612716763,0.15630298343663335
11_P_mc033,11,0.004696531791907514,0.004696531791907515,0.05778920570399095
11_P_mc034,11,0.0018063583815028901,0.0018063583815028901,0.019305815499887576
11_P_mc035,11,0.012283236994219654,0.012283236994219654,0.15652991291006518
11_P_mc036,11,0.009031791907514453,0.009031791907514452,0.13428044150609664
11_P_mc037,11,0.000361271676300578,0.000361271676300578,0.007259875726893499
11_P_mc038,11,0.01264450867052023,0.012644508670520232,0.22199752633950087
11_P_mc039,11,0.0072254335260115606,0.0072254335260115606,0.15912983031954944
11_P_mc040,11,0.015534682080924855,0.015534682080924855,0.10953089616553795
11_P_mc041,11,0.01047687861271676,0.010476878612716763,0.16284600395907667
11_P_mc042,11,0.0036127167630057803,0.0036127167630057803,0.0977902296416096
11_P_mc043,11,0.010115606936416185,0.010115606936416185,0.10031436423640581
11_P_mc044,11,0.01372832369942196,0.013728323699421965,0.22648591090217965
11_P_mc045,11,0.006141618497109827,0.006141618497109827,0.042977609475179174
11_P_mc046,11,0.021676300578034678,0.02167630057803468,0.1947302879567394
11_P_mc047,11,0.0028901734104046246,0.002890173410404624,0.04523992107254967
11_P_mc048,11,0.013367052023121386,0.013367052023121388,0.15043658832905202
11_P_mc049,11,0.017702312138728325,0.017702312138728325,0.2098920373886799
11_P_mc050,11,0.005780346820809248,0.005780346820809248,0.10730435322374263
11_P_mc051,11,0.000361271676300578,0.000361271676300578,0.012731501271010751
11_P_mc052,11,0.020231213872832374,0.02023121387283237,0.25566342802213443
11_P_mc053,11,0.014450867052023125,0.014450867052023121,0.32817734834153706
11_P_mc054,11,0.008309248554913296,0.008309248554913294,0.16192841303623912
11_P_mc055,11,0.0018063583815028901,0.0018063583815028901,0.035399818281825784
11_P_mc056,11,0.02384393063583815,0.02384393063583815,0.2900954868926403
11_P_mc057,11,0.014089595375722543,0.014089595375722543,0.1755234803985301
11_P_mc058,11,0.011560693641618495,0.011560693641618497,0.13369536057363687
11_P_mc059,11,0.018424855491329474,0.01842485549132948,0.24075096785892436
11_P_mc060,11,0.005780346820809248,0.005780346820809248,0.06776484818209876
11_P_mc061,11,0.006502890173410407,0.006502890173410405,0.09863128708163518
11_P_mc062,11,0.005419075144508668,0.00541907514450867,0.09452438127373343
11_P_mc063,11,0.007586705202312138,0.007586705202312138,0.10677958851531628
11_P_mc064,11,0.015895953757225426,0.015895953757225433,0.2561953062420925
11_P_mc065,11,0.014089595375722543,0.014089595375722543,0.18769430329460565
11_P_mc066,11,0.010476878612716768,0.010476878612716763,0.13670823176878202
11_P_mc067,11,0.001445086705202312,0.001445086705202312,0.023448402947944803
11_P_mc068,11,0.006864161849710983,0.006864161849710983,0.07431358771620426
11_P_mc069,11,0.01119942196531792,0.011199421965317919,0.0919007533024099
11_P_mc070,11,0.009754335260115606,0.009754335260115607,0.2542290120735125
11_P_mc071,11,0.002167630057803468,0.002167630057803468,0.041504177550699475
11_P_mc072,11,0.01300578034682082,0.01300578034682081,0.13176203767342512
11_P_mc073,11,0.003973988439306358,0.003973988439306358,0.04933482731881708
11_P_mc074,11,0.011921965317919078,0.011921965317919074,0.11230533409568494
11_P_mc075,11,0.00903179190751445,0.009031791907514452,0.1421177389634598
11_P_mc076,11,0.02312138728323699,0.023121387283236993,0.14912706478261795
11_P_mc077,11,0.007586705202312137,0.007586705202312138,0.11290330289366068
11_P_mc078,11,0.011921965317919074,0.011921965317919074,0.1883609928456025
11_P_mc079,11,0.001083815028901734,0.001083815028901734,0.03220442321617119
11_P_mc080,11,0.02348265895953757,0.02348265895953757,0.2742541416540959
11_P_mc081,11,0.018063583815028907,0.018063583815028903,0.25026370933300535
11_P_mc082,11,0.001445086705202312,0.001445086705202312,0.022132525478096472
11_P_mc083,11,0.011560693641618497,0.011560693641618497,0.20726096590572987
11_P_mc084,11,0.009393063583815031,0.00939306358381503,0.10838081312352055
11_P_mc085,11,0.01336705202312138,0.013367052023121388,0.1340931598908255
11_P_mc086,11,0.011199421965317919,0.011199421965317919,0.1700183960983856
11_P_mc087,11,0.010838150289017348,0.01083815028901734,0.14885889257935597
11_P_mc088,11,0.002167630057803468,0.002167630057803468,0.030565222413383795
11_P_mc089,11,0.022398843930635844,0.022398843930635837,0.21769911456279084
11_P_mc090,11,0.004335260115606936,0.004335260115606936,0.0773316344125677
11_P_mc091,11,0.00758670520231214,0.007586705202312138,0.07966284504959127
12_P_mc000,12,0.02597402597402598,0.025974025974025976,0.21973017219505783
12_P_mc001,12,0.02939166097060834,0.02939166097060834,0.28804493959764393
12_P_mc002,12,0.04032809295967192,0.04032809295967191,0.4828331733797536
12_P_mc003,12,0.013670539986329458,0.01367053998632946,0.16084413177111107
12_P_mc004,12,0.027341079972658923,0.02734107997265892,0.3501593886488166
12_P_mc005,12,0.02734107997265892,0.02734107997265892,0.29354584433843756
12_P_mc006,12,0.01367053998632946,0.01367053998632946,0.13880577514685344
12_P_mc007,12,0.002734107997265892,0.002734107997265892,0.1100672620668442
12_P_mc008,12,0.025974025974025976,0.025974025974025976,0.33579531823915376
12_P_mc009,12,0.02665755297334245,0.026657552973342446,0.376374226213718
12_P_mc010,12,0.03622693096377306,0.036226930963773066,0.47030259845919004
12_P_mc011,12,0.018455228981544766,0.01845522898154477,0.25698131322037954
12_P_mc012,12,0.02323991797676008,0.02323991797676008,0.2668066779568068
12_P_mc013,12,0.02460697197539303,0.02460697197539303,0.29944985602338436
12_P_mc014,12,0.02050580997949419,0.02050580997949419,0.12763692617030703
12_P_mc015,12,0.004784688995215311,0.004784688995215311,0.23201345185266006
12_P_mc016,12,0.025974025974025976,0.025974025974025976,0.3616154822805882
12_P_mc017,12,0.025974025974025976,0.025974025974025976,0.30645071772773935
12_P_mc018,12,0.03007518796992481,0.03007518796992481,0.30836982192581497
12_P_mc019,12,0.034859876965140126,0.034859876965140126,0.32844638257285413
12_P_mc020,12,0.02460697197539303,0.02460697197539303,0.272330930459476
12_P_mc021,12,0.03827751196172248,0.03827751196172249,0.44767685390726486
12_P_mc022,12,0.03759398496240601,0.03759398496240601,0.336425695612135
12_P_mc023,12,0.01572112098427888,0.01572112098427888,0.1424037085651551
12_P_mc024,12,0.015037593984962405,0.015037593984962405,0.1582943692510973
12_P_mc025,12,0.000683526999316473,0.000683526999316473,0.008529693032371688
12_P_mc026,12,0.0280246069719754,0.028024606971975393,0.4416093550410686
12_P_mc027,12,0.00683526999316473,0.00683526999316473,0.13966189057285147
12_P_mc028,12,0.00888585099111415,0.00888585099111415,0.27372423333344403
12_P_mc029,12,0.019138755980861243,0.019138755980861243,0.27048967735266644
12_P_mc030,12,0.019138755980861243,0.019138755980861243,0.21113193725871093
12_P_mc031,12,0.013670539986329461,0.01367053998632946,0.19041348596397328
12_P_mc032,12,0.004101161995898838,0.004101161995898838,0.07143694259402539
12_P_mc033,12,0.00683526999316473,0.00683526999316473,0.10594569136824608
12_P_mc034,12,0.002050580997949419,0.002050580997949419,0.017857082233509253
12_P_mc035,12,0.047163362952836636,0.047163362952836636,0.6304749124135218
12_P_mc036,12,0.03075871496924128,0.030758714969241284,0.3426898624028906
12_P_mc037,12,0.004784688995215311,0.004784688995215311,0.0910875694611881
12_P_mc038,12,0.014354066985645932,0.014354066985645933,0.17541736789245957
12_P_mc039,12,0.028708133971291877,0.028708133971291867,0.6621469016620507
12_P_mc040,12,0.018455228981544773,0.01845522898154477,0.35129025031100797
12_P_mc041,12,0.009569377990430622,0.009569377990430622,0.1576782279094412
12_P_mc042,12,0.030075187969924814,0.03007518796992481,0.43816466679917304
12_P_mc043,12,0.003417634996582365,0.003417634996582365,0.039815765049236965
12_P_mc044,12,0.02323991797676008,0.02323991797676008,0.2310870133124095
12_P_mc045,12,0.03212576896787423,0.03212576896787423,0.29728161383435936
12_P_mc046,12,0.001367053998632946,0.001367053998632946,0.029929914470642888
12_P_mc047,12,0.03212576896787424,0.03212576896787423,0.305179990330276
12_P_mc048,12,0.005468215994531784,0.005468215994531784,0.18900997320067206
13_P_mc000,13,0.008185538881309684,0.008185538881309686,0.06934969553512288
13_P_mc001,13,0.028194633924511145,0.02819463392451114,0.1916022769485266
13_P_mc002,13,0.007276034561164163,0.007276034561164165,0.08575900563527677
13_P_mc003,13,0.023647112323783543,0.02364711232378354,0.24373273957420963
13_P_mc004,13,0.009549795361527965,0.009549795361527967,0.14883073079008596
13_P_mc005,13,0.02000909504320145,0.020009095043201454,0.2975176689932268
13_P_mc006,13,0.028649386084583898,0.0286493860845839,0.8228666996164329
13_P_mc007,13,0.028194633924511138,0.02819463392451114,0.28588264764152693
13_P_mc008,13,0.0068212824010914054,0.0068212824010914054,0.10141034542763691
13_P_mc009,13,0.001364256480218281,0.001364256480218281,0.013761560142848494
13_P_mc010,13,0.001364256480218281,0.001364256480218281,0.016250896412608566
13_P_mc011,13,0.0018190086402910413,0.0018190086402910413,0.013977936433888784
13_P_mc012,13,0.004547521600727604,0.004547521600727604,0.07144420443411006
13_P_mc013,13,0.005457025920873124,0.005457025920873124,0.056566696304268305
13_P_mc014,13,0.003638017280582082,0.0036380172805820826,0.08022078409259792
13_P_mc015,13,0.027739881764438385,0.02773988176443838,0.17818342015518837
13_P_mc016,13,0.016825829922692135,0.01682582992269213,0.16319536482509556
13_P_mc017,13,0.01955434288312869,0.019554342883128694,0.2956660590506179
13_P_mc018,13,0.004547521600727604,0.004547521600727604,0.06630931278504174
13_P_mc019,13,0.023647112323783536,0.02364711232378354,0.18751651321069782
13_P_mc020,13,0.018190086402910415,0.018190086402910415,0.2589994483171329
13_P_mc021,13,0.018190086402910415,0.018190086402910415,0.24813677537618323
13_P_mc022,13,0.014097316962255569,0.01409731696225557,0.19936498320232882
13_P_mc023,13,0.001364256480218281,0.001364256480218281,0.01966547089629003
13_P_mc024,13,0.007730786721236926,0.007730786721236926,0.07619672456107766
13_P_mc025,13,0.025011368804001826,0.02501136880400182,0.22230083780233412
13_P_mc026,13,0.007730786721236927,0.007730786721236926,0.08279903768295818
13_P_mc027,13,0.005911778080945885,0.005911778080945885,0.040008373323406135
13_P_mc028,13,0.030923146884947707,0.030923146884947704,0.26101529762600406
13_P_mc029,13,0.03638017280582084,0.03638017280582083,0.6043090713101703
13_P_mc030,13,0.0018190086402910413,0.0018190086402910413,0.029977690020553175
13_P_mc031,13,0.015006821282401089,0.015006821282401092,0.23432151499504023
13_P_mc032,13,0.01637107776261937,0.01637107776261937,0.1206745416190372
13_P_mc033,13,0.002273760800363802,0.002273760800363802,0.03942974157728098
13_P_mc034,13,0.004547521600727604,0.004547521600727604,0.07737871324131378
13_P_mc035,13,0.01682582992269213,0.01682582992269213,0.3796733723031146
13_P_mc036,13,0.012278308321964537,0.01227830832196453,0.12317973080841002
13_P_mc037,13,0.0172805820827649,0.017280582082764895,0.19477333902817834
13_P_mc038,13,0.01227830832196453,0.01227830832196453,0.08742228439056496
13_P_mc039,13,0.012278308321964528,0.01227830832196453,0.1061010321543295
13_P_mc040,13,0.029558890404729424,0.02955889040472942,0.2447048577591845
13_P_mc041,13,0.010004547521600727,0.010004547521600727,0.1367340436195176
13_P_mc042,13,0.006366530241018645,0.006366530241018645,0.10716953433422695
13_P_mc043,13,0.017735334242837658,0.017735334242837655,0.20647333808643592
13_P_mc044,13,0.012733060482037291,0.01273306048203729,0.09011629503710604
13_P_mc045,13,0.006821282401091406,0.0068212824010914054,0.07525971059634512
13_P_mc046,13,0.014552069122328329,0.01455206912232833,0.17938382127918623
13_P_mc047,13,0.009549795361527967,0.009549795361527967,0.08114568181603263
13_P_mc048,13,0.020463847203274217,0.020463847203274217,0.18989544289498078
13_P_mc049,13,0.007730786721236926,0.007730786721236926,0.08390952601583049
13_P_mc050,13,0.035470668485675316,0.03547066848567531,0.48224037037299583
13_P_mc051,13,0.017280582082764902,0.017280582082764895,0.229338134777766
13_P_mc052,13,0.009095043201455209,0.009095043201455207,0.11983173358404783
13_P_mc053,13,0.01045929968167349,0.010459299681673489,0.14571896886778407
13_P_mc054,13,0.001819008640291041,0.0018190086402910413,0.028949613177523693
13_P_mc055,13,0.011823556161891773,0.01182355616189177,0.10177962656498145
13_P_mc056,13,0.015461573442473852,0.015461573442473852,0.2744368363841013
13_P_mc057,13,0.018190086402910418,0.018190086402910415,0.21049106551629615
13_P_mc058,13,0.008640291041382447,0.008640291041382447,0.09082794376373092
13_P_mc059,13,0.004092769440654844,0.004092769440654843,0.0452683954887654
13_P_mc060,13,0.019554342883128687,0.019554342883128694,0.16115006644669708
13_P_mc061,13,0.0036380172805820826,0.0036380172805820826,0.03500367437787553
13_P_mc062,13,0.020463847203274214,0.020463847203274217,0.20769432796791237
13_P_mc063,13,0.01591632560254661,0.015916325602546612,0.1594073779479757
13_P_mc064,13,0.019554342883128684,0.019554342883128694,0.1222827739646418
13_P_mc065,13,0.015461573442473857,0.015461573442473852,0.16176300615218617
13_P_mc066,13,0.01136880400181901,0.011368804001819008,0.1308994103236527
13_P_mc067,13,0.028194633924511135,0.02819463392451114,0.3105936304398905
13_P_mc068,13,0.01637107776261937,0.01637107776261937,0.31185037971847396
13_P_mc069,13,0.0013642564802182808,0.001364256480218281,0.009965259875843542
13_P_mc070,13,0.01682582992269213,0.01682582992269213,0.13428366081914017
13_P_mc071,13,0.010004547521600729,0.010004547521600727,0.17996857689014797
13_P_mc072,13,0.005911778080945884,0.005911778080945885,0.08284141502743006
14_P_mc000,14,0.004243512322506937,0.004243512322506937,0.041135036321575565
14_P_mc001,14,0.003427452260486372,0.0034274522604863717,0.06165755669610106
14_P_mc002,14,0.005385996409335726,0.005385996409335727,0.06332650384445224
14_P_mc003,14,0.006365268483760406,0.0063652684837604044,0.10091416217010248
14_P_mc004,14,0.004406724334911049,0.004406724334911049,0.08211695897120311
14_P_mc005,14,0.006691692508568631,0.006691692508568631,0.0661308338289475
14_P_mc006,14,0.009139872694630326,0.009139872694630324,0.14991615272652128
14_P_mc007,14,0.003101028235678146,0.003101028235678146,0.03047088964608131
14_P_mc008,14,0.00832381263260976,0.00832381263260976,0.10812434835625706
14_P_mc009,14,0.0016321201240411295,0.0016321201240411295,0.024034410845499274
14_P_mc010,14,0.00897666068222621,0.008976660682226212,0.08970514620031889
14_P_mc011,14,0.00718132854578097,0.00718132854578097,0.11156366799592922
14_P_mc012,14,0.008976660682226212,0.008976660682226212,0.12220112809944667
14_P_mc013,14,0.007834176595397419,0.00783417659539742,0.15480233611415828
14_P_mc014,14,0.0009792720744246776,0.0009792720744246776,0.010805387702378037
14_P_mc015,14,0.009303084707034438,0.009303084707034438,0.11213862346783594
14_P_mc016,14,0.002937816223274033,0.002937816223274033,0.025736305967074137
14_P_mc017,14,0.0013056960992329036,0.0013056960992329036,0.027067688185843874
14_P_mc018,14,0.001958544148849355,0.001958544148849355,0.024615466363305725
14_P_mc019,14,0.004080300310102824,0.004080300310102824,0.0414239479481755
14_P_mc020,14,0.006365268483760404,0.0063652684837604044,0.0886371252095718
14_P_mc021,14,0.002448180186061694,0.002448180186061694,0.03968726084651209
14_P_mc022,14,0.009139872694630319,0.009139872694630324,0.08712804075040957
14_P_mc023,14,0.008976660682226212,0.008976660682226212,0.11399593608743512
14_P_mc024,14,0.0008160600620205648,0.0008160600620205648,0.013353703958453192
14_P_mc025,14,0.003590664272890485,0.003590664272890485,0.028555819341224437
14_P_mc026,14,0.0026113921984658077,0.0026113921984658073,0.09792745083305875
14_P_mc027,14,0.0037538762852945967,0.0037538762852945976,0.0768618261066685
14_P_mc028,14,0.013056960992329038,0.013056960992329036,0.1457378985459427
14_P_mc029,14,0.0021217561612534683,0.0021217561612534683,0.028610418864029083
14_P_mc030,14,0.002937816223274033,0.002937816223274033,0.046413331379667626
14_P_mc031,14,0.00391708829769871,0.00391708829769871,0.07106136691173619
14_P_mc032,14,0.007997388607801536,0.007997388607801534,0.08673189347088493
14_P_mc033,14,0.0073445405581850825,0.0073445405581850825,0.09727763041248562
14_P_mc034,14,0.003101028235678146,0.003101028235678146,0.034882790242192464
14_P_mc035,14,0.0006528480496164518,0.0006528480496164518,0.0099318160463829
14_P_mc036,14,0.010119144769055005,0.010119144769055002,0.1441640279322987
14_P_mc037,14,0.005875632446548068,0.005875632446548066,0.06391082443292719
14_P_mc038,14,0.0009792720744246776,0.0009792720744246776,0.01620740878689475
14_P_mc039,14,0.00995593275665089,0.00995593275665089,0.128145110635584
14_P_mc040,14,0.007344540558185082,0.0073445405581850825,0.0878439198264618
14_P_mc041,14,0.003101028235678146,0.003101028235678146,0.03267958555417097
14_P_mc042,14,0.008487024645013873,0.008487024645013873,0.06197346382725827
14_P_mc043,14,0.005222784396931615,0.005222784396931615,0.09681581344374568
14_P_mc044,14,0.0068549045209727434,0.0068549045209727434,0.11730712687285264
14_P_mc045,14,0.009466296719438551,0.009466296719438551,0.15116276563903447
14_P_mc046,14,0.0052227843969316155,0.005222784396931615,0.05117740040097839
14_P_mc047,14,0.0032642402480822594,0.003264240248082259,0.05877942834567037
14_P_mc048,14,0.0027746042108699204,0.00277460421086992,0.048058419040420686
14_P_mc049,14,0.005712420434143953,0.005712420434143953,0.0845661163992751
14_P_mc050,14,0.005712420434143953,0.005712420434143953,0.03746373408738267
14_P_mc051,14,0.0026113921984658073,0.0026113921984658073,0.03489758136259106
14_P_mc052,14,0.007670964582993309,0.007670964582993308,0.14336569295963625
14_P_mc053,14,0.0011424840868287905,0.0011424840868287905,0.014553833596908225
14_P_mc054,14,0.001958544148849355,0.001958544148849355,0.04244603939872164
14_P_mc055,14,0.001958544148849355,0.001958544148849355,0.02261076481178089
14_P_mc056,14,0.0029378162232740336,0.002937816223274033,0.053497256488005476
14_P_mc057,14,0.004733148359719276,0.004733148359719276,0.0510598667948681
14_P_mc058,14,0.006691692508568631,0.006691692508568631,0.11946060846745232
14_P_mc059,14,0.0052227843969316155,0.005222784396931615,0.04531544546869979
14_P_mc060,14,0.008487024645013873,0.008487024645013873,0.1254884510198259
14_P_mc061,14,0.0009792720744246776,0.0009792720744246776,0.011426067606520393
14_P_mc062,14,0.010282356781459116,0.010282356781459116,0.214564556951399
14_P_mc063,14,0.0016321201240411295,0.0016321201240411295,0.02998938329583184
14_P_mc064,14,0.0004896360372123388,0.0004896360372123388,0.011264322112475245
14_P_mc065,14,0.006691692508568631,0.006691692508568631,0.07243137107343042
14_P_mc066,14,0.004896360372123388,0.004896360372123388,0.06564649777019768
14_P_mc067,14,0.0016321201240411293,0.0016321201240411295,0.04109458432466361
14_P_mc068,14,0.007670964582993308,0.007670964582993308,0.11810623903326287
14_P_mc069,14,0.0004896360372123388,0.0004896360372123388,0.0033606365807252736
14_P_mc070,14,0.0021217561612534683,0.0021217561612534683,0.018075784235941455
14_P_mc071,14,0.001958544148849355,0.001958544148849355,0.01341830835029216
14_P_mc072,14,0.007670964582993307,0.007670964582993308,0.10907958557770583
14_P_mc073,14,0.004406724334911049,0.004406724334911049,0.07597157367391015
14_P_mc074,14,0.002448180186061694,0.002448180186061694,0.0321523348696851
14_P_mc075,14,0.011751264893096131,0.011751264893096133,0.1233734302035871
14_P_mc076,14,0.0013056960992329036,0.0013056960992329036,0.031724152464066964
14_P_mc077,14,0.0053859964093357264,0.005385996409335727,0.09420264654540116
14_P_mc078,14,0.007018116533376856,0.007018116533376856,0.11002778129303936
14_P_mc079,14,0.006528480496164518,0.006528480496164518,0.10636262477933882
14_P_mc080,14,0.007997388607801534,0.007997388607801534,0.10639468429490673
14_P_mc081,14,0.0034274522604863717,0.0034274522604863717,0.02884796128944661
14_P_mc082,14,0.010771992818671456,0.010771992818671455,0.10604279116737472
14_P_mc083,14,0.007507752570589195,0.007507752570589195,0.08838751765606871
14_P_mc084,14,0.001958544148849355,0.001958544148849355,0.035904517599915295
14_P_mc085,14,0.003101028235678146,0.003101028235678146,0.026581400565117368
14_P_mc086,14,0.006202056471356292,0.006202056471356292,0.05696728140521265
14_P_mc087,14,0.0050595723845275,0.005059572384527501,0.05465262032846383
14_P_mc088,14,0.00016321201240411296,0.00016321201240411296,0.004525178837353632
14_P_mc089,14,0.005549208421739838,0.00554920842173984,0.11657219660325835
14_P_mc090,14,0.004406724334911049,0.004406724334911049,0.04532456636641751
14_P_mc091,14,0.006854904520972744,0.0068549045209727434,0.11371839572417294
14_P_mc092,14,0.004080300310102824,0.004080300310102824,0.11008533864669943
14_P_mc093,14,0.012077688917904358,0.012077688917904358,0.1388888755763195
14_P_mc094,14,0.004406724334911052,0.004406724334911049,0.08334591446650347
14_P_mc095,14,0.0003264240248082259,0.0003264240248082259,0.017579139221185685
14_P_mc096,14,0.007018116533376856,0.007018116533376856,0.09346056760752354
14_P_mc097,14,0.005875632446548066,0.005875632446548066,0.06492697885498201
14_P_mc098,14,0.0011424840868287905,0.0011424840868287905,0.009609259566962155
14_P_mc099,14,0.0026113921984658077,0.0026113921984658073,0.03917437629662247
14_P_mc100,14,0.00277460421086992,0.00277460421086992,0.04961825633766534
14_P_mc101,14,0.0035906642728904844,0.003590664272890485,0.101085344246535
14_P_mc102,14,0.005385996409335728,0.005385996409335727,0.07082716846100948
14_P_mc103,14,0.010119144769055004,0.010119144769055002,0.16743426666219166
14_P_mc104,14,0.006038844458952178,0.006038844458952179,0.06704107028972578
14_P_mc105,14,0.005712420434143953,0.005712420434143953,0.06238541471520576
14_P_mc106,14,0.0016321201240411295,0.0016321201240411295,0.03892796909503342
14_P_mc107,14,0.004896360372123388,0.004896360372123388,0.050983575469487286
14_P_mc108,14,0.007670964582993307,0.007670964582993308,0.1310495456254741
14_P_mc109,14,0.0017953321364452424,0.0017953321364452424,0.024533769391892377
14_P_mc110,14,0.0016321201240411295,0.0016321201240411295,0.03353831992538681
14_P_mc111,14,0.007018116533376856,0.007018116533376856,0.09441174756150397
14_P_mc112,14,0.006691692508568631,0.006691692508568631,0.0681999818608977
14_P_mc113,14,0.0026113921984658073,0.0026113921984658073,0.0255650908081013
14_P_mc114,14,0.004569936347315163,0.004569936347315162,0.10170117821657257
14_P_mc115,14,0.006038844458952179,0.006038844458952179,0.06702384117927664
14_P_mc116,14,0.012893748979924922,0.012893748979924922,0.23916021113966737
14_P_mc117,14,0.0032642402480822594,0.003264240248082259,0.04331382334444872
14_P_mc118,14,0.004406724334911051,0.004406724334911049,0.07041185746317942
14_P_mc119,14,0.00016321201240411296,0.00016321201240411296,0.009555084314036252
14_P_mc120,14,0.006038844458952179,0.006038844458952179,0.09656992674469995
14_P_mc121,14,0.00016321201240411296,0.00016321201240411296,0.003551173156314099
14_P_mc122,14,0.004080300310102824,0.004080300310102824,0.04917837822766219
14_P_mc123,14,0.004733148359719275,0.004733148359719276,0.06312048967511068
14_P_mc124,14,0.007344540558185083,0.0073445405581850825,0.10246633557666252
14_P_mc125,14,0.004733148359719276,0.004733148359719276,0.03600083327802287
14_P_mc126,14,0.009139872694630326,0.009139872694630324,0.12957175579991587
14_P_mc127,14,0.002448180186061694,0.002448180186061694,0.031791155069867946
14_P_mc128,14,0.010608780806267341,0.010608780806267341,0.10595762027233431
14_P_mc129,14,0.00897666068222621,0.008976660682226212,0.13978031289527898
14_P_mc130,14,0.0009792720744246776,0.0009792720744246776,0.021608232379537372
14_P_mc131,14,0.006202056471356292,0.006202056471356292,0.09660437426984997
14_P_mc132,14,0.006038844458952179,0.006038844458952179,0.07292568646784547
14_P_mc133,14,0.0052227843969316155,0.005222784396931615,0.06118268072716153
14_P_mc134,14,0.0017953321364452424,0.0017953321364452424,0.03729474788598382
14_P_mc135,14,0.0073445405581850825,0.0073445405581850825,0.08835949354828927
14_P_mc136,14,0.002448180186061694,0.002448180186061694,0.028102962699124316
14_P_mc137,14,0.005712420434143953,0.005712420434143953,0.0651953638997188
14_P_mc138,14,0.009792720744246775,0.009792720744246777,0.11620002304425968
14_P_mc139,14,0.0003264240248082259,0.0003264240248082259,0.004189911564297608
14_P_mc140,14,0.009955932756650885,0.00995593275665089,0.11129187417997456
14_P_mc141,14,0.003590664272890485,0.003590664272890485,0.04491622826966283
14_P_mc142,14,0.009955932756650892,0.00995593275665089,0.1105515369457871
14_P_mc143,14,0.0013056960992329036,0.0013056960992329036,0.018560597281928933
14_P_mc144,14,0.006691692508568631,0.006691692508568631,0.09195520864212475
14_P_mc145,14,0.010608780806267341,0.010608780806267341,0.13670628661750361
14_P_mc146,14,0.007507752570589195,0.007507752570589195,0.07745470078791424
14_P_mc147,14,0.01060878080626734,0.010608780806267341,0.2141736506476205
14_P_mc148,14,0.007181328545780969,0.00718132854578097,0.09276351711809949
14_P_mc149,14,0.002284968173657581,0.002284968173657581,0.016476093120998285
14_P_mc150,14,0.005059572384527501,0.005059572384527501,0.043769872083966994
14_P_mc151,14,0.0004896360372123388,0.0004896360372123388,0.013821720804583675
14_P_mc152,14,0.006691692508568631,0.006691692508568631,0.085814740907134
14_P_mc153,14,0.00277460421086992,0.00277460421086992,0.020263929113139217
14_P_mc154,14,0.006691692508568634,0.006691692508568631,0.08949508606648744
14_P_mc155,14,0.0016321201240411295,0.0016321201240411295,0.029586578305515275
14_P_mc156,14,0.00016321201240411296,0.00016321201240411296,0.009121737639623016
14_P_mc157,14,0.0003264240248082259,0.0003264240248082259,0.008827970718033295
14_P_mc158,14,0.008487024645013873,0.008487024645013873,0.08880903489392034
14_P_mc159,14,0.0004896360372123388,0.0004896360372123388,0.009172203850954899
14_P_mc160,14,0.010282356781459116,0.010282356781459116,0.10914425608267038
14_P_mc161,14,0.0009792720744246776,0.0009792720744246776,0.014667424005469323
14_P_mc162,14,0.007997388607801534,0.007997388607801534,0.092760496847981
14_P_mc163,14,0.00016321201240411296,0.00016321201240411296,0.0021762318389182047
14_P_mc164,14,0.004406724334911048,0.004406724334911049,0.03858940871239965
14_P_mc165,14,0.0017953321364452424,0.0017953321364452424,0.0308979336793864
14_P_mc166,14,0.007670964582993309,0.007670964582993308,0.09962678081482727
14_P_mc167,14,0.004733148359719276,0.004733148359719276,0.09748445000298256
14_P_mc168,14,0.0026113921984658073,0.0026113921984658073,0.07197171097954048
14_P_mc169,14,0.004406724334911049,0.004406724334911049,0.03719709159156544
14_P_mc170,14,0.00718132854578097,0.00718132854578097,0.08421576650037109
14_P_mc171,14,0.0003264240248082259,0.0003264240248082259,0.005970695342705758
14_P_mc172,14,0.007344540558185083,0.0073445405581850825,0.1412946455849581
14_P_mc173,14,0.004080300310102823,0.004080300310102824,0.08921674151942335
14_P_mc174,14,0.0008160600620205648,0.0008160600620205648,0.013625433205116718
14_P_mc175,14,0.0013056960992329036,0.0013056960992329036,0.017429232184450884
14_P_mc176,14,0.004896360372123388,0.004896360372123388,0.04279562387557299
14_P_mc177,14,0.009139872694630324,0.009139872694630324,0.13188764315983115
14_P_mc178,14,0.0003264240248082259,0.0003264240248082259,0.00666890733114573
14_P_mc179,14,0.0037538762852945967,0.0037538762852945976,0.0458203940350075
14_P_mc180,14,0.0003264240248082259,0.0003264240248082259,0.006152181378537903
14_P_mc181,14,0.0021217561612534683,0.0021217561612534683,0.023187226703727717
14_P_mc182,14,0.0035906642728904844,0.003590664272890485,0.07876343194516996
14_P_mc183,14,0.004080300310102824,0.004080300310102824,0.03201374895311364
14_P_mc184,14,0.0035906642728904857,0.003590664272890485,0.061468890893880385
14_P_mc185,14,0.0021217561612534683,0.0021217561612534683,0.024862137278546022
14_P_mc186,14,0.00391708829769871,0.00391708829769871,0.05463242845709007
14_P_mc187,14,0.00016321201240411296,0.00016321201240411296,0.0024110466513977916
14_P_mc188,14,0.0073445405581850825,0.0073445405581850825,0.10168266863094493
14_P_mc189,14,0.005549208421739841,0.00554920842173984,0.07541470059399284
14_P_mc190,14,0.004243512322506937,0.004243512322506937,0.06956011282289148
14_P_mc191,14,0.002611392198465807,0.0026113921984658073,0.0518238177514405
14_P_mc192,14,0.004080300310102824,0.004080300310102824,0.05558518463051041
14_P_mc193,14,0.005222784396931615,0.005222784396931615,0.1039627387422145
14_P_mc194,14,0.004243512322506936,0.004243512322506937,0.037222363106914194
14_P_mc195,14,0.005549208421739839,0.00554920842173984,0.08259505737879738
14_P_mc196,14,0.001958544148849355,0.001958544148849355,0.0397962537391533
14_P_mc197,14,0.005059572384527501,0.005059572384527501,0.0763608774367327
14_P_mc198,14,0.0068549045209727434,0.0068549045209727434,0.13914754344629907
14_P_mc199,14,0.00783417659539742,0.00783417659539742,0.07953739310141807
14_P_mc200,14,0.007997388607801532,0.007997388607801534,0.10282814753342856
14_P_mc201,14,0.0037538762852945976,0.0037538762852945976,0.048815141204028606
14_P_mc202,14,0.00718132854578097,0.00718132854578097,0.09279038669748847
14_P_mc203,14,0.0063652684837604044,0.0063652684837604044,0.0730404622019693
19_P_mc000,19,0.030425963488843813,0.030425963488843813,0.4273266190538788
19_P_mc001,19,0.08113590263691683,0.08113590263691683,1.1928906673097557
19_P_mc002,19,0.0872210953346856,0.0872210953346856,2.1610271754808137
19_P_mc003,19,0.07707910750507099,0.07707910750507099,1.316031134707309
19_P_mc004,19,0.13793103448275862,0.13793103448275862,1.7898556708955786
19_P_mc005,19,0.058823529411764705,0.058823529411764705,0.7534034642093351
19_P_mc006,19,0.1744421906693712,0.1744421906693712,3.6159541968617503
19_P_mc007,19,0.006085192697768763,0.006085192697768763,0.22371149568817408
19_P_mc008,19,0.05476673427991886,0.05476673427991886,0.6697097229598149
19_P_mc009,19,0.04462474645030426,0.04462474645030426,0.7179560096190275
19_P_mc010,19,0.032454361054766734,0.032454361054766734,0.9716738980557961
19_P_mc011,19,0.08316430020283976,0.08316430020283976,1.258274160954524
19_P_mc012,19,0.002028397565922921,0.002028397565922921,0.03257415878447865
19_P_mc013,19,0.12373225152129817,0.12373225152129817,1.259510169450737
19_P_mc014,19,0.002028397565922921,0.002028397565922921,0.10494828806097412
19_P_mc015,19,0.004056795131845842,0.004056795131845842,0.10379522635035063
20_P_mc000,20,0.005298013245033112,0.005298013245033113,0.07225535192770711
20_P_mc001,20,0.00026490066225165563,0.00026490066225165563,0.006544483579358254
20_P_mc002,20,0.0023841059602649007,0.0023841059602649007,0.05557550731331082
20_P_mc003,20,0.007947019867549669,0.007947019867549669,0.12712342812717042
20_P_mc004,20,0.007152317880794703,0.007152317880794702,0.1548637930488875
20_P_mc005,20,0.012980132450331134,0.012980132450331127,0.23865589781200564
20_P_mc006,20,0.012980132450331125,0.012980132450331127,0.2298819697002415
20_P_mc007,20,0.009801324503311264,0.00980132450331126,0.2110242893383297
20_P_mc008,20,0.003708609271523179,0.003708609271523179,0.08159950501253649
20_P_mc009,20,0.009801324503311261,0.00980132450331126,0.19030410362600828
20_P_mc010,20,0.009536423841059603,0.009536423841059603,0.14236509004142728
20_P_mc011,20,0.00847682119205298,0.00847682119205298,0.09472025158702699
20_P_mc012,20,0.005033112582781458,0.005033112582781457,0.11416917453737288
20_P_mc013,20,0.007947019867549667,0.007947019867549669,0.20547801153962855
20_P_mc014,20,0.009801324503311263,0.00980132450331126,0.18574007100809223
20_P_mc015,20,0.009801324503311254,0.00980132450331126,0.1925829946417839
20_P_mc016,20,0.01218543046357615,0.012185430463576159,0.26027772521518033
20_P_mc017,20,0.010860927152317883,0.010860927152317882,0.1895987107667122
20_P_mc018,20,0.011390728476821186,0.011390728476821193,0.2448553776320808
20_P_mc019,20,0.01668874172185431,0.016688741721854305,0.3689720927700657
20_P_mc020,20,0.0095364238410596,0.009536423841059603,0.16888138065808272
20_P_mc021,20,0.015099337748344386,0.015099337748344372,0.27627565802000076
20_P_mc022,20,0.0045033112582781466,0.004503311258278146,0.12176707297199343
20_P_mc023,20,0.01086092715231788,0.010860927152317882,0.1702373269312422
20_P_mc024,20,0.009006622516556286,0.009006622516556291,0.23607792355198126
20_P_mc025,20,0.005562913907284769,0.005562913907284768,0.10155032641142725
20_P_mc026,20,0.010596026490066225,0.010596026490066225,0.2580577741769938
20_P_mc027,20,0.012450331125827815,0.012450331125827815,0.12954982354034084
20_P_mc028,20,0.007417218543046359,0.007417218543046358,0.09055945646507839
20_P_mc029,20,0.0015894039735099338,0.0015894039735099338,0.02780189046030362
20_P_mc030,20,0.00794701986754967,0.007947019867549669,0.09770794972681288
20_P_mc031,20,0.011920529801324504,0.011920529801324504,0.12187712011135998
20_P_mc032,20,0.00423841059602649,0.00423841059602649,0.05884339009219096
20_P_mc033,20,0.0005298013245033113,0.0005298013245033113,0.016010672501977397
20_P_mc034,20,0.012450331125827812,0.012450331125827815,0.1581563688998711
20_P_mc035,20,0.003708609271523179,0.003708609271523179,0.04051628772440239
20_P_mc036,20,0.012450331125827814,0.012450331125827815,0.13437498876091108
20_P_mc037,20,0.007152317880794701,0.007152317880794702,0.1250734128496968
20_P_mc038,20,0.009536423841059603,0.009536423841059603,0.12619177634668824
20_P_mc039,20,0.01298013245033113,0.012980132450331127,0.18297543348460368
20_P_mc040,20,0.008211920529801325,0.008211920529801325,0.09772057922970846
20_P_mc041,20,0.011920529801324506,0.011920529801324504,0.21249357152588838
20_P_mc042,20,0.003708609271523179,0.003708609271523179,0.09459935828165852
20_P_mc043,20,0.01006622516556291,0.010066225165562914,0.12156669524320597
20_P_mc044,20,0.005562913907284769,0.005562913907284768,0.12230262791267901
20_P_mc045,20,0.005562913907284768,0.005562913907284768,0.060209670637327024
20_P_mc046,20,0.005298013245033113,0.005298013245033113,0.08897374634050127
20_P_mc047,20,0.008211920529801324,0.008211920529801325,0.08424134321254483
20_P_mc048,20,0.008741721854304638,0.008741721854304637,0.20450494735941843
20_P_mc049,20,0.00609271523178808,0.0060927152317880795,0.12519651498501821
20_P_mc050,20,0.007417218543046356,0.007417218543046358,0.19636304961149764
20_P_mc051,20,0.006887417218543046,0.006887417218543046,0.16090635152831767
20_P_mc052,20,0.005827814569536424,0.005827814569536424,0.13469693827673723
20_P_mc053,20,0.008741721854304635,0.008741721854304637,0.13666735086138118
20_P_mc054,20,0.00423841059602649,0.00423841059602649,0.10945156881729691
20_P_mc055,20,0.015364238410596021,0.015364238410596026,0.2899880801833232
20_P_mc056,20,0.00847682119205298,0.00847682119205298,0.19263352207539122
20_P_mc057,20,0.014304635761589411,0.014304635761589404,0.37163497809247
20_P_mc058,20,0.008741721854304637,0.008741721854304637,0.11065293679645742
20_P_mc059,20,0.0026490066225165563,0.0026490066225165563,0.04805215335444767
20_P_mc060,20,0.010596026490066225,0.010596026490066225,0.23579941606131966
20_P_mc061,20,0.007152317880794702,0.007152317880794702,0.08758814656944229
20_P_mc062,20,0.00874172185430464,0.008741721854304637,0.11685660344376247
20_P_mc063,20,0.011125827814569536,0.011125827814569536,0.07962487461817147
20_P_mc064,20,0.014039735099337744,0.01403973509933775,0.2546315786747596
20_P_mc065,20,0.002119205298013245,0.002119205298013245,0.03995397964197848
20_P_mc066,20,0.010596026490066223,0.010596026490066225,0.12016120617051501
20_P_mc067,20,0.013509933774834438,0.013509933774834438,0.12359141584299216
20_P_mc068,20,0.014039735099337751,0.01403973509933775,0.13765307964758927
20_P_mc069,20,0.006887417218543046,0.006887417218543046,0.14099201893497898
20_P_mc070,20,0.003708609271523179,0.003708609271523179,0.04293494624070199
20_P_mc071,20,0.010331125827814567,0.01033112582781457,0.1822964445365061
20_P_mc072,20,0.007682119205298013,0.007682119205298013,0.12346526407822973
20_P_mc073,20,0.005033112582781458,0.005033112582781457,0.057130195740870825
20_P_mc074,20,0.007417218543046358,0.007417218543046358,0.19898939129482307
20_P_mc075,20,0.009536423841059603,0.009536423841059603,0.2633801506181753
20_P_mc076,20,0.00847682119205298,0.00847682119205298,0.09436386769477277
20_P_mc077,20,0.01245033112582782,0.012450331125827815,0.13884913057009607
20_P_mc078,20,0.005298013245033113,0.005298013245033113,0.08424129293068837
20_P_mc079,20,0.01748344370860927,0.017483443708609273,0.23227832105205365
20_P_mc080,20,0.002119205298013245,0.002119205298013245,0.06294223368412523
20_P_mc081,20,0.0010596026490066225,0.0010596026490066225,0.032578751303726165
20_P_mc082,20,0.005033112582781456,0.005033112582781457,0.13577358361940603
20_P_mc083,20,0.01562913907284768,0.015629139072847683,0.22406977789777743
20_P_mc084,20,0.006357615894039735,0.006357615894039735,0.07901468221488547
20_P_mc085,20,0.019867549668874187,0.019867549668874173,0.24882354343526097
20_P_mc086,20,0.006357615894039735,0.006357615894039735,0.08564601028950042
20_P_mc087,20,0.00026490066225165563,0.00026490066225165563,0.006282303934045753
20_P_mc088,20,0.011390728476821193,0.011390728476821193,0.09985437299826451
20_P_mc089,20,0.005562913907284769,0.005562913907284768,0.1516508657122622
20_P_mc090,20,0.002119205298013245,0.002119205298013245,0.06020792251674358
20_P_mc091,20,0.006092715231788079,0.0060927152317880795,0.15514162599829448
20_P_mc092,20,0.008741721854304633,0.008741721854304637,0.17809035304511905
20_P_mc093,20,0.011655629139072848,0.011655629139072848,0.26944337409484415
20_P_mc094,20,0.0031788079470198675,0.0031788079470198675,0.0545051687575306
20_P_mc095,20,0.0026490066225165563,0.0026490066225165563,0.05227639906041735
20_P_mc096,20,0.002119205298013245,0.002119205298013245,0.03749416256761185
20_P_mc097,20,0.00026490066225165563,0.00026490066225165563,0.008776887260894074
20_P_mc098,20,0.002913907284768212,0.002913907284768212,0.028808616248862683
20_P_mc099,20,0.0010596026490066225,0.0010596026490066225,0.02274629914433381
20_P_mc100,20,0.006357615894039736,0.006357615894039735,0.07168188950906315
20_P_mc101,20,0.00026490066225165563,0.00026490066225165563,0.004418025544900222
20_P_mc102,20,0.0031788079470198684,0.0031788079470198675,0.10098899850534884
20_P_mc103,20,0.0031788079470198667,0.0031788079470198675,0.10872181920355639
20_P_mc104,20,0.005827814569536421,0.005827814569536424,0.06609224062563078
20_P_mc105,20,0.01033112582781457,0.01033112582781457,0.21010143324460878
20_P_mc106,20,0.012715231788079467,0.01271523178807947,0.1202568826135976
20_P_mc107,20,0.01933774834437086,0.01933774834437086,0.3870934613003492
20_P_mc108,20,0.0071523178807947,0.007152317880794702,0.17847102585984886
20_P_mc109,20,0.007417218543046358,0.007417218543046358,0.0927419513363876
20_P_mc110,20,0.004503311258278146,0.004503311258278146,0.0743760006326722
20_P_mc111,20,0.010331125827814569,0.01033112582781457,0.22470106028611755
20_P_mc112,20,0.007947019867549669,0.007947019867549669,0.08585897240642815
20_P_mc113,20,0.009006622516556284,0.009006622516556291,0.11364237864220424
20_P_mc114,20,0.010066225165562912,0.010066225165562914,0.246905967405045
20_P_mc115,20,0.009801324503311261,0.00980132450331126,0.15542086083244083
20_P_mc116,20,0.005298013245033113,0.005298013245033113,0.06902791645895022
20_P_mc117,20,0.007152317880794699,0.007152317880794702,0.16537818319563713
20_P_mc118,20,0.01536423841059602,0.015364238410596026,0.22951587788620748
20_P_mc119,20,0.01298013245033112,0.012980132450331127,0.19578302378844262
20_P_mc120,20,0.0005298013245033113,0.0005298013245033113,0.014965708698548375
20_P_mc121,20,0.003443708609271523,0.003443708609271523,0.08480269074325249
20_P_mc122,20,0.006092715231788079,0.0060927152317880795,0.1421494365435319
20_P_mc123,20,0.0047682119205298005,0.004768211920529801,0.131931727865509
20_P_mc124,20,0.005562913907284769,0.005562913907284768,0.14295288370409145
20_P_mc125,20,0.011125827814569538,0.011125827814569536,0.22700610247719916
23_P_mc000,23,0.059880239520958084,0.059880239520958084,1.5770206231868873
23_P_mc001,23,0.31736526946107785,0.31736526946107785,4.113530352279178
23_P_mc002,23,0.18562874251497005,0.18562874251497005,2.220968467106473
23_P_mc003,23,0.17365269461077842,0.17365269461077845,2.2019529989374376
23_P_mc004,23,0.08982035928143714,0.08982035928143713,1.458264501796586
23_P_mc005,23,0.17365269461077842,0.17365269461077845,1.996242227731649
26_P_mc000,26,0.10367892976588627,0.10367892976588629,0.8821939960202243
26_P_mc001,26,0.11705685618729093,0.11705685618729098,1.4228528284977144
26_P_mc002,26,0.07357859531772576,0.07357859531772576,0.7377814996681673
26_P_mc003,26,0.14381270903010032,0.14381270903010032,1.1290883270365857
26_P_mc004,26,0.04347826086956522,0.043478260869565216,0.757463501186124
26_P_mc005,26,0.19063545150501673,0.19063545150501673,2.119543881951217
26_P_mc006,26,0.1939799331103679,0.1939799331103679,1.9026254475554503
26_P_mc007,26,0.006688963210702336,0.006688963210702341,0.14102635538946495
26_P_mc008,26,0.020066889632107024,0.020066889632107024,0.13128499136671046
26_P_mc009,26,0.10702341137123747,0.10702341137123746,0.9708431348128763
27_P_mc000,27,0.0005212405525149857,0.0005212405525149857,0.008208926806656998
27_P_mc001,27,0.003909304143862392,0.003909304143862392,0.06060685914077985
27_P_mc002,27,0.006515506906437322,0.006515506906437321,0.04994996088547107
27_P_mc003,27,0.007036747458952306,0.007036747458952306,0.10359907921513264
27_P_mc004,27,0.006254886630179828,0.006254886630179828,0.13279814268311393
27_P_mc005,27,0.012770393536617148,0.012770393536617148,0.19845176730583028
27_P_mc006,27,0.009642950221527235,0.009642950221527235,0.14055686186120947
27_P_mc007,27,0.004430544696377378,0.004430544696377378,0.04926099107141014
27_P_mc008,27,0.008079228563982278,0.008079228563982278,0.09096062870294958
27_P_mc009,27,0.00912170966901225,0.009121709669012249,0.1170799770823168
27_P_mc010,27,0.008861089392754755,0.008861089392754757,0.09226439199656675
27_P_mc011,27,0.009121709669012247,0.009121709669012249,0.13013173779864692
27_P_mc012,27,0.00026062027625749283,0.00026062027625749283,0.0035009947176449616
27_P_mc013,27,0.011988532707844668,0.01198853270784467,0.19097510812310814
27_P_mc014,27,0.010685431326557207,0.010685431326557205,0.11421696977371937
27_P_mc015,27,0.004430544696377378,0.004430544696377378,0.17229117766484342
27_P_mc016,27,0.01303101381287464,0.013031013812874642,0.14389403982834797
27_P_mc017,27,0.0023455824863174357,0.0023455824863174357,0.04077153104133636
27_P_mc018,27,0.0023455824863174357,0.0023455824863174357,0.03683301780549099
27_P_mc019,27,0.007818608287724784,0.007818608287724784,0.040439475776971455
27_P_mc020,27,0.012770393536617144,0.012770393536617148,0.12572987793050872
27_P_mc021,27,0.003388063591347407,0.003388063591347407,0.05588920013953009
27_P_mc022,27,0.007036747458952306,0.007036747458952306,0.0689472124492078
27_P_mc023,27,0.005733646077664843,0.005733646077664843,0.08737598127165049
27_P_mc024,27,0.015376596299192077,0.015376596299192077,0.17739286092191112
27_P_mc025,27,0.0005212405525149857,0.0005212405525149857,0.004089980639674273
27_P_mc026,27,0.015115976022934586,0.015115976022934585,0.25092026410601076
27_P_mc027,27,0.0028668230388324213,0.0028668230388324213,0.03704464024373608
27_P_mc028,27,0.005994266353922335,0.005994266353922335,0.058690630045295594
27_P_mc029,27,0.003127443315089914,0.003127443315089914,0.04403041160934913
27_P_mc030,27,0.003388063591347407,0.003388063591347407,0.031732923438739874
27_P_mc031,27,0.014073494917904616,0.014073494917904612,0.2083645061013673
27_P_mc032,27,0.013812874641647117,0.01381287464164712,0.20228687597933878
27_P_mc033,27,0.006776127182694814,0.006776127182694814,0.08185027407607315
27_P_mc034,27,0.0023455824863174253,0.0023455824863174357,0.05437275664674624
27_P_mc035,27,0.006254886630179828,0.006254886630179828,0.03811214960189297
27_P_mc036,27,0.0109460516028147,0.0109460516028147,0.11622851058054667
27_P_mc037,27,0.0049517852488923635,0.0049517852488923635,0.06131279588634513
27_P_mc038,27,0.003909304143862392,0.003909304143862392,0.0688876665103184
27_P_mc039,27,0.007297367735209798,0.007297367735209799,0.10738571088097196
27_P_mc040,27,0.014334115194162108,0.014334115194162106,0.1341087916279491
27_P_mc041,27,0.0023455824863174357,0.0023455824863174357,0.09026117395587899
27_P_mc042,27,0.011467292155329685,0.011467292155329685,0.09607602595588526
27_P_mc043,27,0.010424811050299715,0.010424811050299713,0.11708634086490069
27_P_mc044,27,0.009121709669012249,0.009121709669012249,0.11692801791067338
27_P_mc045,27,0.00026062027625749283,0.00026062027625749283,0.006413424889225735
27_P_mc046,27,0.00547302580140735,0.00547302580140735,0.07508047691874943
27_P_mc047,27,0.007557988011467292,0.007557988011467292,0.07192356495323637
27_P_mc048,27,0.010946051602814701,0.0109460516028147,0.4253259579485566
27_P_mc049,27,0.02006776127182695,0.02006776127182695,0.33784389457863584
27_P_mc050,27,0.011467292155329687,0.011467292155329685,0.1414009289925713
27_P_mc051,27,0.008861089392754757,0.008861089392754757,0.10430102069116812
27_P_mc052,27,0.010685431326557205,0.010685431326557205,0.08542202803461421
27_P_mc053,27,0.01016419077404222,0.010164190774042221,0.13989531183534773
27_P_mc054,27,0.0026062027625749283,0.0026062027625749283,0.04079775830203006
27_P_mc055,27,0.003127443315089914,0.003127443315089914,0.057617782017623256
27_P_mc056,27,0.008600469116497263,0.008600469116497263,0.08782289927771685
27_P_mc057,27,0.011467292155329687,0.011467292155329685,0.1414351496070094
27_P_mc058,27,0.0036486838676048996,0.0036486838676048996,0.1447621420749267
27_P_mc059,27,0.009642950221527235,0.009642950221527235,0.05559395056167715
27_P_mc060,27,0.008600469116497263,0.008600469116497263,0.08633262585871256
27_P_mc061,27,0.013031013812874644,0.013031013812874642,0.13135404102777315
27_P_mc062,27,0.008600469116497263,0.008600469116497263,0.11699267909057483
27_P_mc063,27,0.004691164972634871,0.004691164972634871,0.07883696985220154
27_P_mc064,27,0.011467292155329685,0.011467292155329685,0.08627204754620042
27_P_mc065,27,0.006515506906437321,0.006515506906437321,0.028563373309956574
27_P_mc066,27,0.007557988011467292,0.007557988011467292,0.0928460893665146
27_P_mc067,27,0.0007818608287724785,0.0007818608287724785,0.015907928326533694
27_P_mc068,27,0.0028668230388324213,0.0028668230388324213,0.03010322451528017
27_P_mc069,27,0.009382329945269743,0.009382329945269743,0.0666694219597722
27_P_mc070,27,0.006776127182694814,0.006776127182694814,0.08271123889597254
27_P_mc071,27,0.0044305446963773774,0.004430544696377378,0.07808915393627405
27_P_mc072,27,0.008861089392754762,0.008861089392754757,0.13469920729611115
27_P_mc073,27,0.01772217878550951,0.017722178785509513,0.4316852832980431
27_P_mc074,27,0.007818608287724786,0.007818608287724784,0.09470334744873268
27_P_mc075,27,0.007557988011467292,0.007557988011467292,0.0933396469601731
27_P_mc076,27,0.01667969768047954,0.01667969768047954,0.28227456009142415
27_P_mc077,27,0.009903570497784727,0.009903570497784727,0.15736619419717002
27_P_mc078,27,0.005994266353922334,0.005994266353922335,0.08006976991204892
27_P_mc079,27,0.0109460516028147,0.0109460516028147,0.07903349627077813
27_P_mc080,27,0.00547302580140735,0.00547302580140735,0.08580786009338742
27_P_mc081,27,0.010164190774042223,0.010164190774042221,0.14291788562103708
27_P_mc082,27,0.00547302580140735,0.00547302580140735,0.05237005881049943
27_P_mc083,27,0.007818608287724784,0.007818608287724784,0.1141547347908635
27_P_mc084,27,0.009121709669012249,0.009121709669012249,0.13774429743864033
27_P_mc085,27,0.007818608287724784,0.007818608287724784,0.10388952474456671
27_P_mc086,27,0.001563721657544957,0.001563721657544957,0.01481449907952458
27_P_mc087,27,0.010424811050299713,0.010424811050299713,0.08442920249138502
27_P_mc088,27,0.0010424811050299713,0.0010424811050299713,0.018107124871779137
27_P_mc089,27,0.013812874641647124,0.01381287464164712,0.10206945025107328
27_P_mc090,27,0.019025280166796978,0.019025280166796978,0.1939645668958925
27_P_mc091,27,0.004169924420119885,0.004169924420119885,0.1617151406784632
27_P_mc092,27,0.004430544696377378,0.004430544696377378,0.07922781466659518
27_P_mc093,27,0.0145947354704196,0.014594735470419598,0.17662346976324356
27_P_mc094,27,0.01172791243158718,0.011727912431587178,0.12874844940389746
27_P_mc095,27,0.014594735470419607,0.014594735470419598,0.16534212659474795
27_P_mc096,27,0.01016419077404222,0.010164190774042221,0.17641758355928122
27_P_mc097,27,0.007818608287724783,0.007818608287724784,0.1044631886108022
27_P_mc098,27,0.01277039353661715,0.012770393536617148,0.5036119596231311
27_P_mc099,27,0.001563721657544957,0.001563721657544957,0.029238513183985404
27_P_mc100,27,0.017722178785509517,0.017722178785509513,0.2985647267084645
27_P_mc101,27,0.004430544696377378,0.004430544696377378,0.046873418783248605
27_P_mc102,27,0.003909304143862392,0.003909304143862392,0.06551681696015944
27_P_mc103,27,0.006776127182694814,0.006776127182694814,0.051796059105494924
27_P_mc104,27,0.0052124055251498574,0.005212405525149857,0.0847428616239952
27_P_mc105,27,0.004169924420119885,0.004169924420119885,0.05865826033624361
27_P_mc106,27,0.005212405525149857,0.005212405525149857,0.06237905607204444
27_P_mc107,27,0.0005212405525149857,0.0005212405525149857,0.011142935135020952
27_P_mc108,27,0.016940317956737037,0.016940317956737033,0.27903620299648163
27_P_mc109,27,0.012509773260359656,0.012509773260359656,0.07467904265603888
27_P_mc110,27,0.0049517852488923635,0.0049517852488923635,0.056020761374377503
27_P_mc111,27,0.004169924420119885,0.004169924420119885,0.04208727054581716
27_P_mc112,27,0.0036486838676048996,0.0036486838676048996,0.05916427609810153
27_P_mc113,27,0.009642950221527235,0.009642950221527235,0.07312555354742666
27_P_mc114,27,0.007557988011467292,0.007557988011467292,0.07233913956365982
27_P_mc115,27,0.01172791243158718,0.011727912431587178,0.12615453295778295
27_P_mc116,27,0.009642950221527238,0.009642950221527235,0.0996447571839101
27_P_mc117,27,0.0052124055251498574,0.005212405525149857,0.08472277627708896
27_P_mc118,27,0.006254886630179828,0.006254886630179828,0.05754953126474124
27_P_mc119,27,0.007557988011467292,0.007557988011467292,0.0738771975911231
27_P_mc120,27,0.010685431326557207,0.010685431326557205,0.0813771893152306
27_P_mc121,27,0.005733646077664843,0.005733646077664843,0.0688974693736637
27_P_mc122,27,0.004691164972634871,0.004691164972634871,0.05464897049981531
27_P_mc123,27,0.003388063591347407,0.003388063591347407,0.05672023132885746
27_P_mc124,27,0.007557988011467292,0.007557988011467292,0.08984038139177984
27_P_mc125,27,0.006776127182694815,0.006776127182694814,0.08268010533165268
27_P_mc126,27,0.003909304143862392,0.003909304143862392,0.03496109950859139
27_P_mc127,27,0.008600469116497261,0.008600469116497263,0.12550728102164407
29_P_mc000,29,0.0027731558513588465,0.0027731558513588465,0.04267217025918708
29_P_mc001,29,0.005823627287853577,0.005823627287853577,0.03735877037226709
29_P_mc002,29,0.010260676650027731,0.010260676650027731,0.09616303810752808
29_P_mc003,29,0.0005546311702717694,0.0005546311702717693,0.02647814257500644
29_P_mc004,29,0.013311148086522465,0.013311148086522463,0.13036793211185796
29_P_mc005,29,0.016084303937881312,0.01608430393788131,0.19183176395185939
29_P_mc006,29,0.00776483638380477,0.00776483638380477,0.09826175396608601
29_P_mc007,29,0.008319467554076539,0.008319467554076539,0.05346558292143485
29_P_mc008,29,0.0013865779256794233,0.0013865779256794233,0.05334471704181256
29_P_mc009,29,0.013311148086522463,0.013311148086522463,0.11117946516589546
29_P_mc010,29,0.016638935108153077,0.016638935108153077,0.24029492008152076
29_P_mc011,29,0.017193566278424843,0.017193566278424846,0.1768399160305573
29_P_mc012,29,0.004159733777038269,0.004159733777038269,0.041946884965575165
29_P_mc013,29,0.01747088186356073,0.01747088186356073,0.24249604863781224
29_P_mc014,29,0.007210205213533,0.007210205213533,0.04714910539385111
29_P_mc015,29,0.005546311702717693,0.005546311702717693,0.06596831733987446
29_P_mc016,29,0.006100942872989462,0.006100942872989462,0.059537841591853706
29_P_mc017,29,0.0033277870216306157,0.0033277870216306157,0.046367634302118585
29_P_mc018,29,0.013311148086522461,0.013311148086522463,0.13995515483216972
29_P_mc019,29,0.008042151968940654,0.008042151968940654,0.10090280130362272
29_P_mc020,29,0.008042151968940654,0.008042151968940654,0.06255487513296272
29_P_mc021,29,0.011092623405435386,0.011092623405435386,0.1352782200711881
29_P_mc022,29,0.00776483638380477,0.00776483638380477,0.0860206240264808
29_P_mc023,29,0.006378258458125347,0.006378258458125347,0.05001322869530529
29_P_mc024,29,0.005268996117581808,0.005268996117581808,0.050749818900347216
29_P_mc025,29,0.00831946755407654,0.008319467554076539,0.10718432394597698
29_P_mc026,29,0.006378258458125347,0.006378258458125347,0.08592098928405328
29_P_mc027,29,0.009983361064891847,0.009983361064891847,0.10513579904658937
29_P_mc028,29,0.003050471436494731,0.003050471436494731,0.05281108189900979
29_P_mc029,29,0.011092623405435386,0.011092623405435386,0.10708228075126917
29_P_mc030,29,0.0013865779256794233,0.0013865779256794233,0.01336904161504404
29_P_mc031,29,0.0019412090959511925,0.0019412090959511925,0.033842428214917
29_P_mc032,29,0.0066555740432612314,0.0066555740432612314,0.05869721672410056
29_P_mc033,29,0.0074875207986688855,0.0074875207986688855,0.09244309220201316
29_P_mc034,29,0.006378258458125347,0.006378258458125347,0.07999800504073656
29_P_mc035,29,0.016638935108153077,0.016638935108153077,0.20451136433552494
29_P_mc036,29,0.0019412090959511925,0.0019412090959511925,0.07421672590519504
29_P_mc037,29,0.00027731558513588466,0.00027731558513588466,0.009914297260548306
29_P_mc038,29,0.008596783139212423,0.008596783139212423,0.0854925778751664
29_P_mc039,29,0.01608430393788131,0.01608430393788131,0.17467505280149376
29_P_mc040,29,0.013033832501386577,0.013033832501386578,0.1339972057181021
29_P_mc041,29,0.004159733777038269,0.004159733777038269,0.029152539323311133
29_P_mc042,29,0.0019412090959511925,0.0019412090959511925,0.026298751825031445
29_P_mc043,29,0.00776483638380477,0.00776483638380477,0.04546825806827691
29_P_mc044,29,0.01136993899057127,0.01136993899057127,0.09082014536489934
29_P_mc045,29,0.009428729894620078,0.009428729894620078,0.08798481254523997
29_P_mc046,29,0.0066555740432612314,0.0066555740432612314,0.07675600776578262
29_P_mc047,29,0.012201885745978924,0.012201885745978924,0.14308071981164439
29_P_mc048,29,0.009151414309484194,0.009151414309484194,0.09766923514490362
29_P_mc049,29,0.012201885745978924,0.012201885745978924,0.1468664626493561
29_P_mc050,29,0.014143094841930116,0.014143094841930116,0.09222741519327785
29_P_mc051,29,0.009706045479755962,0.009706045479755962,0.08389545743569471
29_P_mc052,29,0.009428729894620076,0.009428729894620078,0.15917782322610768
29_P_mc053,29,0.008319467554076539,0.008319467554076539,0.08319496207374458
29_P_mc054,29,0.01608430393788131,0.01608430393788131,0.15443306186096312
29_P_mc055,29,0.0033277870216306157,0.0033277870216306157,0.053433176013683116
29_P_mc056,29,0.006378258458125346,0.006378258458125347,0.08587224563985685
29_P_mc057,29,0.004437049362174155,0.004437049362174155,0.047842402695400056
29_P_mc058,29,0.016361619523017193,0.016361619523017193,0.15608937387647162
29_P_mc059,29,0.01192457016084304,0.01192457016084304,0.1055523925559815
29_P_mc060,29,0.018302828618968384,0.018302828618968387,0.20842948516870383
29_P_mc061,29,0.009151414309484194,0.009151414309484194,0.10255390970132483
29_P_mc062,29,0.003882418191902385,0.003882418191902385,0.059974310464724574
29_P_mc063,29,0.006655574043261231,0.0066555740432612314,0.09081987517215087
29_P_mc064,29,0.00831946755407654,0.008319467554076539,0.07778958526377261
29_P_mc065,29,0.003882418191902385,0.003882418191902385,0.04875543630882354
29_P_mc066,29,0.0008319467554076539,0.0008319467554076539,0.01890471234975544
29_P_mc067,29,0.006100942872989462,0.006100942872989462,0.08619403722885251
29_P_mc068,29,0.00027731558513588466,0.00027731558513588466,0.006889396346577541
29_P_mc069,29,0.007764836383804771,0.00776483638380477,0.0967932447056869
29_P_mc070,29,0.005823627287853577,0.005823627287853577,0.05017483103602575
29_P_mc071,29,0.00887409872434831,0.00887409872434831,0.06808277510898801
29_P_mc072,29,0.011647254575707155,0.011647254575707155,0.10941090194496288
29_P_mc073,29,0.01885745978924016,0.018857459789240156,0.1807192626953554
29_P_mc074,29,0.007210205213533,0.007210205213533,0.07698825845481252
29_P_mc075,29,0.0027731558513588465,0.0027731558513588465,0.08145634104584921
29_P_mc076,29,0.009983361064891847,0.009983361064891847,0.09078603709179979
29_P_mc077,29,0.007210205213533001,0.007210205213533,0.12614728223077581
29_P_mc078,29,0.00970604547975596,0.009706045479755962,0.07972213746143057
29_P_mc079,29,0.014975041597337771,0.014975041597337771,0.16719255430252422
29_P_mc080,29,0.009151414309484194,0.009151414309484194,0.08101065172445594
29_P_mc081,29,0.011647254575707155,0.011647254575707155,0.08422759341005029
29_P_mc082,29,0.01136993899057127,0.01136993899057127,0.13794093167322835
29_P_mc083,29,0.0024958402662229617,0.0024958402662229617,0.045524076666274914
29_P_mc084,29,0.0013865779256794233,0.0013865779256794233,0.016956912968630656
29_P_mc085,29,0.005546311702717693,0.005546311702717693,0.06893588712316653
29_P_mc086,29,0.01192457016084304,0.01192457016084304,0.0962734156485012
29_P_mc087,29,0.0024958402662229617,0.0024958402662229617,0.026013397426272813
29_P_mc088,29,0.0033277870216306157,0.0033277870216306157,0.04376683316390832
29_P_mc089,29,0.011647254575707155,0.011647254575707155,0.08698577593935612
29_P_mc090,29,0.022462562396006656,0.022462562396006656,0.23433927524303003
29_P_mc091,29,0.008596783139212423,0.008596783139212423,0.1011859762473977
29_P_mc092,29,0.011647254575707155,0.011647254575707155,0.104069531650193
29_P_mc093,29,0.006378258458125346,0.006378258458125347,0.09360505502762989
29_P_mc094,29,0.016638935108153077,0.016638935108153077,0.22311645146141265
29_P_mc095,29,0.006932889628397116,0.006932889628397116,0.06272533776334498
29_P_mc096,29,0.005546311702717693,0.005546311702717693,0.08593182573682447
29_P_mc097,29,0.01136993899057127,0.01136993899057127,0.17276079579635242
29_P_mc098,29,0.006378258458125347,0.006378258458125347,0.09215149222526985
29_P_mc099,29,0.004714364947310039,0.004714364947310039,0.04438475966741263
29_P_mc100,29,0.021353300055463115,0.021353300055463115,0.21181613249842463
29_P_mc101,29,0.010260676650027731,0.010260676650027731,0.15886610273394708
29_P_mc102,29,0.0019412090959511925,0.0019412090959511925,0.02799246408534325
29_P_mc103,29,0.0013865779256794233,0.0013865779256794233,0.02268369245873304
29_P_mc104,29,0.008319467554076539,0.008319467554076539,0.08808216861793633
29_P_mc105,29,0.010815307820299502,0.010815307820299502,0.07392777283601626
29_P_mc106,29,0.014420410427065999,0.014420410427066,0.1581948124567339
29_P_mc107,29,0.005546311702717693,0.005546311702717693,0.05050572004093285
29_P_mc108,29,0.003882418191902385,0.003882418191902385,0.06384299851618695
29_P_mc109,29,0.009151414309484194,0.009151414309484194,0.10650189713886321
29_P_mc110,29,0.007210205213533002,0.007210205213533,0.05784995073536962
29_P_mc111,29,0.008319467554076539,0.008319467554076539,0.08770276810226035
29_P_mc112,29,0.012201885745978924,0.012201885745978924,0.10278551249492822
29_P_mc113,29,0.003882418191902385,0.003882418191902385,0.06175537654853714
29_P_mc114,29,0.007210205213533,0.007210205213533,0.07929871303415052
29_P_mc115,29,0.0011092623405435386,0.0011092623405435386,0.013444683555489187
29_P_mc116,29,0.005268996117581808,0.005268996117581808,0.07369580072538283
29_P_mc117,29,0.010537992235163616,0.010537992235163616,0.12040420977609455
29_P_mc118,29,0.0074875207986688855,0.0074875207986688855,0.07310062642024859
29_P_mc119,29,0.004437049362174155,0.004437049362174155,0.05534621001313247
30_P_mc000,30,0.05230125523012553,0.05230125523012552,0.8546927633682272
30_P_mc001,30,0.04184100418410042,0.04184100418410042,0.521585364190067
30_P_mc002,30,0.02092050209205021,0.02092050209205021,0.5424976939304779
30_P_mc003,30,0.12343096234309624,0.12343096234309624,1.4890882594727175
30_P_mc004,30,0.05439330543933055,0.05439330543933055,0.6541567334677343
30_P_mc005,30,0.027196652719665274,0.027196652719665274,0.2024018400032654
30_P_mc006,30,0.08786610878661089,0.08786610878661087,1.0144742842087249
30_P_mc007,30,0.11297071129707113,0.11297071129707113,1.4618173973870559
30_P_mc008,30,0.05857740585774058,0.058577405857740586,0.7868679000713008
30_P_mc009,30,0.05230125523012552,0.05230125523012552,0.5720761848998707
30_P_mc010,30,0.11506276150627617,0.11506276150627615,1.2825460781558635
30_P_mc011,30,0.03138075313807531,0.03138075313807531,0.7376205471210929
30_P_mc012,30,0.03556485355648535,0.03556485355648536,0.7647713349167633
30_P_mc013,30,0.04811715481171548,0.04811715481171548,0.43985156671713516
30_P_mc014,30,0.05857740585774058,0.058577405857740586,0.6644268596342735
30_P_mc015,30,0.07949790794979081,0.0794979079497908,0.7905556247348298
31_P_mc000,31,0.024928092042186004,0.024928092042186004,0.287647012996694
31_P_mc001,31,0.03163950143815916,0.031639501438159155,0.28724012984987646
31_P_mc002,31,0.02588686481303931,0.02588686481303931,0.3469941465406431
31_P_mc003,31,0.024928092042186,0.024928092042186004,0.19409051942445088
31_P_mc004,31,0.028763183125599234,0.028763183125599234,0.46302797541828566
31_P_mc005,31,0.03643336529242569,0.0364333652924257,0.4105122789306357
31_P_mc006,31,0.011505273250239695,0.011505273250239693,0.12737780474907354
31_P_mc007,31,0.0019175455417063903,0.0019175455417066154,0.060258655465178924
31_P_mc008,31,0.061361457334611694,0.061361457334611694,0.5212671006288528
31_P_mc009,31,0.03835091083413232,0.038350910834132314,0.4162198317564849
31_P_mc010,31,0.020134228187919462,0.020134228187919462,0.2719776191582837
31_P_mc011,31,0.01342281879194631,0.013422818791946308,0.18653707687260987
31_P_mc012,31,0.04218600191754554,0.04218600191754554,0.6720142381228879
31_P_mc013,31,0.02876318312559923,0.028763183125599234,0.36900178146036533
31_P_mc014,31,0.04122722914669224,0.04122722914669223,0.28502884506824294
31_P_mc015,31,0.04697986577181207,0.04697986577181208,0.5072419224269598
31_P_mc016,31,0.030680728667305847,0.030680728667305847,0.34228382241686806
31_P_mc017,31,0.04218600191754555,0.04218600191754554,0.5804891522775394
31_P_mc018,31,0.04122722914669223,0.04122722914669223,0.511580893375951
31_P_mc019,31,0.05752636625119849,0.05752636625119847,0.9725166286511757
31_P_mc020,31,0.04122722914669223,0.04122722914669223,0.31623787655441166
31_P_mc021,31,0.040268456375838924,0.040268456375838924,0.20675161157348632
31_P_mc022,31,0.0009587727708533077,0.0009587727708533077,0.019269145033808784
31_P_mc023,31,0.04122722914669223,0.04122722914669223,0.6110420374653188
31_P_mc024,31,0.004793863854266541,0.004793863854266539,0.13297134160640744
31_P_mc025,31,0.025886864813039305,0.02588686481303931,0.15075447309411746
31_P_mc026,31,0.022051773729626075,0.02205177372962608,0.2714020176518189
31_P_mc027,31,0.0239693192713327,0.023969319271332695,0.29576536493235805
31_P_mc028,31,0.019175455417066153,0.019175455417066157,0.31892021477390053
31_P_mc029,31,0.007670182166826461,0.007670182166826462,0.1726996354946458
31_P_mc030,31,0.0009587727708533077,0.0009587727708533077,0.014862141572504355
31_P_mc031,31,0.033557046979865765,0.03355704697986577,0.7834284600135317
31_P_mc032,31,0.03739213806327901,0.037392138063279005,0.3828228816584409
31_P_mc033,31,0.02684563758389262,0.026845637583892617,0.3276865451487748
31_P_mc034,31,0.023969319271332695,0.023969319271332695,0.5621329254550015
32_P_mc000,32,0.00963676797627873,0.009636767976278725,0.10797568340322283
32_P_mc001,32,0.01334321719792439,0.013343217197924388,0.08663466289784214
32_P_mc002,32,0.0070422535211267625,0.007042253521126761,0.09105901863236032
32_P_mc003,32,0.008154188287620462,0.00815418828762046,0.11527598248196869
32_P_mc004,32,0.010378057820607857,0.010378057820607857,0.1074556438775401
32_P_mc005,32,0.03595255744996294,0.03595255744996294,0.2836851073765544
32_P_mc006,32,0.016679021497405487,0.016679021497405487,0.2704589518815146
32_P_mc007,32,0.012601927353595254,0.012601927353595256,0.13069312293336327
32_P_mc008,32,0.0014825796886582653,0.0014825796886582653,0.07527587670789965
32_P_mc009,32,0.004818383988139363,0.004818383988139363,0.061793040242645675
32_P_mc010,32,0.012972572275759825,0.012972572275759823,0.1564242078437935
32_P_mc011,32,0.006671608598962193,0.006671608598962194,0.0624622559885465
32_P_mc012,32,0.007412898443291327,0.007412898443291327,0.13230753792909866
32_P_mc013,32,0.01779095626389918,0.017790956263899184,0.194037024041752
32_P_mc014,32,0.025945144551519642,0.025945144551519646,0.2469954573797868
32_P_mc015,32,0.0007412898443291327,0.0007412898443291327,0.021763128787582662
32_P_mc016,32,0.007042253521126762,0.007042253521126761,0.08321825379478741
32_P_mc017,32,0.016308376575240917,0.01630837657524092,0.12026980900200734
32_P_mc018,32,0.011119347664936994,0.01111934766493699,0.09350191564720593
32_P_mc019,32,0.008524833209785022,0.008524833209785025,0.09918856860744549
32_P_mc020,32,0.009636767976278725,0.009636767976278725,0.08532780162282279
32_P_mc021,32,0.00963676797627873,0.009636767976278725,0.12065996482876339
32_P_mc022,32,0.021126760563380278,0.02112676056338028,0.157599812834074
32_P_mc023,32,0.012231282431430691,0.01223128243143069,0.08047237652241652
32_P_mc024,32,0.008895478131949588,0.008895478131949592,0.095800996773731
32_P_mc025,32,0.020014825796886578,0.02001482579688658,0.22843800450344467
32_P_mc026,32,0.0014825796886582653,0.0014825796886582653,0.05422412763135569
32_P_mc027,32,0.009636767976278727,0.009636767976278725,0.11379316212331055
32_P_mc028,32,0.007783543365455897,0.007783543365455893,0.11726219150029871
32_P_mc029,32,0.011119347664936993,0.01111934766493699,0.1601478148222791
32_P_mc030,32,0.008524833209785023,0.008524833209785025,0.10179418308097267
32_P_mc031,32,0.012601927353595261,0.012601927353595256,0.19986181671298126
32_P_mc032,32,0.007412898443291324,0.007412898443291327,0.09093584930569663
32_P_mc033,32,0.010378057820607857,0.010378057820607857,0.08499983837023141
32_P_mc034,32,0.01334321719792439,0.013343217197924388,0.1822212966027357
32_P_mc035,32,0.01408450704225352,0.014084507042253521,0.10598477428145409
32_P_mc036,32,0.007042253521126758,0.007042253521126761,0.08727437186700338
32_P_mc037,32,0.004818383988139363,0.004818383988139363,0.06995611204920381
32_P_mc038,32,0.011119347664936993,0.01111934766493699,0.10712522837507654
32_P_mc039,32,0.00889547813194959,0.008895478131949592,0.10157390229301129
32_P_mc040,32,0.015196441808747227,0.01519644180874722,0.1647350479162882
32_P_mc041,32,0.02372127501853224,0.023721275018532245,0.227561913249044
32_P_mc042,32,0.012972572275759823,0.012972572275759823,0.17086015434759722
32_P_mc043,32,0.0051890289103039295,0.005189028910303929,0.18719247885576604
32_P_mc044,32,0.02260934025203855,0.02260934025203855,0.19038726309592158
32_P_mc045,32,0.014825796886582653,0.014825796886582653,0.11566059732991067
32_P_mc046,32,0.017049666419570064,0.01704966641957005,0.19845003576491013
32_P_mc047,32,0.007042253521126762,0.007042253521126761,0.09438939090129553
32_P_mc048,32,0.014084507042253528,0.014084507042253521,0.15133877863831674
32_P_mc049,32,0.010007412898443296,0.01000741289844329,0.10367297431557218
32_P_mc050,32,0.007783543365455896,0.007783543365455893,0.09222042708573176
32_P_mc051,32,0.009266123054114157,0.009266123054114159,0.15033474390273502
32_P_mc052,32,0.00704225352112676,0.007042253521126761,0.08939254153307101
32_P_mc053,32,0.012972572275759823,0.012972572275759823,0.05881252741983249
32_P_mc054,32,0.002223869532987398,0.002223869532987398,0.058140043124272026
32_P_mc055,32,0.012972572275759823,0.012972572275759823,0.17677782662966277
32_P_mc056,32,0.007412898443291327,0.007412898443291327,0.0828434171610615
32_P_mc057,32,0.006671608598962193,0.006671608598962194,0.09326145948876013
32_P_mc058,32,0.014455151964418085,0.014455151964418088,0.18920295433284373
32_P_mc059,32,0.015937731653076357,0.015937731653076354,0.14401525998623502
32_P_mc060,32,0.008524833209785027,0.008524833209785025,0.10807204785568136
32_P_mc061,32,0.008895478131949594,0.008895478131949592,0.10487288702850808
32_P_mc062,32,0.0018532246108228317,0.0018532246108228317,0.03163652914743413
32_P_mc063,32,0.011119347664936993,0.01111934766493699,0.15278518792122647
32_P_mc064,32,0.008154188287620458,0.00815418828762046,0.08013418781999021
32_P_mc065,32,0.0037064492216456633,0.0037064492216456633,0.037489708615577585
32_P_mc066,32,0.012231282431430691,0.01223128243143069,0.10927863570373177
32_P_mc067,32,0.010378057820607856,0.010378057820607857,0.12690623573704568
32_P_mc068,32,0.01593773165307636,0.015937731653076354,0.18092426178306073
32_P_mc069,32,0.008895478131949594,0.008895478131949592,0.08302107873823107
32_P_mc070,32,0.008895478131949595,0.008895478131949592,0.09370668161386345
32_P_mc071,32,0.0051890289103039295,0.005189028910303929,0.06560239326117505
32_P_mc072,32,0.010378057820607856,0.010378057820607857,0.16038993613677055
32_P_mc073,32,0.010748702742772424,0.010748702742772424,0.14896284588478093
32_P_mc074,32,0.016679021497405477,0.016679021497405487,0.11766290759477302
32_P_mc075,32,0.011119347664936989,0.01111934766493699,0.11223282053635047
32_P_mc076,32,0.020385470719051148,0.020385470719051148,0.16255857370930005
32_P_mc077,32,0.011860637509266123,0.011860637509266123,0.18750150329192072
32_P_mc078,32,0.007042253521126762,0.007042253521126761,0.08935956057359429
32_P_mc079,32,0.013343217197924388,0.013343217197924388,0.11756050115234874
32_P_mc080,32,0.012972572275759823,0.012972572275759823,0.17599641348113493
32_P_mc081,32,0.008154188287620458,0.00815418828762046,0.07014196829574738
32_P_mc082,32,0.009636767976278725,0.009636767976278725,0.08111240389298725
32_P_mc083,32,0.005930318754633059,0.005930318754633061,0.05173369006133087
32_P_mc084,32,0.0018532246108228317,0.0018532246108228317,0.03329581492333143
32_P_mc085,32,0.01000741289844329,0.01000741289844329,0.13110978614581
32_P_mc086,32,0.017420311341734624,0.017420311341734617,0.1773017165062712
32_P_mc087,32,0.012601927353595256,0.012601927353595256,0.1573227807878513
32_P_mc088,32,0.006300963676797626,0.006300963676797628,0.10071949873688858
32_P_mc089,32,0.02594514455151965,0.025945144551519646,0.253550070094005
33_P_mc000,33,0.01602300739523418,0.01602300739523418,0.21532223804377726
33_P_mc001,33,0.016433853738701723,0.016433853738701727,0.1600971257160131
33_P_mc002,33,0.005751848808545604,0.005751848808545604,0.13180181681062286
33_P_mc003,33,0.006162695152013146,0.006162695152013147,0.08771453400345293
33_P_mc004,33,0.0012325390304026294,0.0012325390304026294,0.03654274157813101
33_P_mc005,33,0.027937551355792935,0.027937551355792935,0.36517287029146916
33_P_mc006,33,0.01602300739523418,0.01602300739523418,0.1878788350769891
33_P_mc007,33,0.008627773212818405,0.008627773212818405,0.07477934079880309
33_P_mc008,33,0.0078060805258833195,0.0078060805258833195,0.09833001676563376
33_P_mc009,33,0.014790468364831555,0.014790468364831553,0.12789206671771938
33_P_mc010,33,0.020542317173377164,0.020542317173377157,0.17117248365740237
33_P_mc011,33,0.01437962202136401,0.01437962202136401,0.11753878063860235
33_P_mc012,33,0.018077239112571898,0.018077239112571898,0.2355103831456818
33_P_mc013,33,0.027115858668857844,0.027115858668857847,0.21969290315364984
33_P_mc014,33,0.0012325390304026294,0.0012325390304026294,0.021873863520327455
33_P_mc015,33,0.008216926869350862,0.008216926869350863,0.09803808009657905
33_P_mc016,33,0.009449465899753495,0.009449465899753493,0.11539392464166169
33_P_mc017,33,0.0049301561216105174,0.0049301561216105174,0.06853166362809987
33_P_mc018,33,0.010682004930156122,0.010682004930156122,0.12372209700925287
33_P_mc019,33,0.016844700082169276,0.01684470008216927,0.1539574065764224
33_P_mc020,33,0.024239934264585053,0.024239934264585046,0.21661492293146375
33_P_mc021,33,0.01191454396055875,0.01191454396055875,0.17222556184330925
33_P_mc022,33,0.010271158586688579,0.010271158586688579,0.11352102060881109
33_P_mc023,33,0.008627773212818405,0.008627773212818405,0.08666714434917804
33_P_mc024,33,0.013557929334428922,0.013557929334428924,0.1224693092578201
33_P_mc025,33,0.023007395234182416,0.023007395234182416,0.24593092509273498
33_P_mc026,33,0.0036976170912078883,0.0036976170912078883,0.028157027841135614
33_P_mc027,33,0.01930977814297453,0.019309778142974528,0.18975326438223256
33_P_mc028,33,0.012325390304026296,0.012325390304026294,0.1568119815983368
33_P_mc029,33,0.0004108463434675431,0.0004108463434675431,0.007836541945880631
33_P_mc030,33,0.006162695152013147,0.006162695152013147,0.04628663063930142
33_P_mc031,33,0.006162695152013146,0.006162695152013147,0.07675935179513534
33_P_mc032,33,0.021364009860312245,0.021364009860312245,0.20161311493033116
33_P_mc033,33,0.026705012325390305,0.026705012325390305,0.2939056929230961
33_P_mc034,33,0.01314708299096138,0.01314708299096138,0.13358978349364029
33_P_mc035,33,0.02259654889071487,0.02259654889071487,0.23300130716881043
33_P_mc036,33,0.00657354149548069,0.00657354149548069,0.08434758021711115
33_P_mc037,33,0.0012325390304026294,0.0012325390304026294,0.01768812748770283
33_P_mc038,33,0.01972062448644207,0.01972062448644207,0.17598175078256226
33_P_mc039,33,0.0045193097781429745,0.0045193097781429745,0.049577921121543
33_P_mc040,33,0.0024650780608052587,0.0024650780608052587,0.029250484258219956
33_P_mc041,33,0.012736236647493836,0.012736236647493838,0.11372396195581064
33_P_mc042,33,0.02547247329498767,0.025472473294987676,0.2629271122897227
33_P_mc043,33,0.0008216926869350839,0.0008216926869350862,0.02564898209701326
33_P_mc044,33,0.016023007395234184,0.01602300739523418,0.18681467660364587
33_P_mc045,33,0.006162695152013146,0.006162695152013147,0.11513373546137132
33_P_mc046,33,0.005341002465078062,0.005341002465078061,0.0765733825517955
33_P_mc047,33,0.013557929334428925,0.013557929334428924,0.11037747420790758
33_P_mc048,33,0.014790468364831553,0.014790468364831553,0.161846828552881
33_P_mc049,33,0.022185702547247325,0.02218570254724733,0.22665823481544076
33_P_mc050,33,0.005341002465078061,0.005341002465078061,0.05278208957367739
33_P_mc051,33,0.020542317173377164,0.020542317173377157,0.2392099857350857
33_P_mc052,33,0.006984387838948232,0.006984387838948234,0.06760642568144068
33_P_mc053,33,0.015612161051766639,0.015612161051766639,0.1490099092336435
33_P_mc054,33,0.01314708299096138,0.01314708299096138,0.11353012895679976
33_P_mc055,33,0.00534100246507806,0.005341002465078061,0.05975215216695944
33_P_mc056,33,0.01191454396055875,0.01191454396055875,0.19310772337065718
33_P_mc057,33,0.011914543960558747,0.01191454396055875,0.16479189361703037
33_P_mc058,33,0.009449465899753493,0.009449465899753493,0.10042685307112276
33_P_mc059,33,0.003286770747740345,0.003286770747740345,0.04350274885568167
33_P_mc060,33,0.013557929334428924,0.013557929334428924,0.09511469052103147
33_P_mc061,33,0.010271158586688579,0.010271158586688579,0.15583466673094382
33_P_mc062,33,0.002054231717337716,0.002054231717337716,0.08070345393548133
33_P_mc063,33,0.017255546425636807,0.01725554642563681,0.17400289130540056
33_P_mc064,33,0.027115858668857844,0.027115858668857847,0.2619189274858168
33_P_mc065,33,0.006573541495480688,0.00657354149548069,0.07412973520281792
33_P_mc066,33,0.010271158586688579,0.010271158586688579,0.12059490001508066
33_P_mc067,33,0.0078060805258833195,0.0078060805258833195,0.10086267630573456
33_P_mc068,33,0.0024650780608052587,0.0024650780608052587,0.021984728846238588
33_P_mc069,33,0.005341002465078062,0.005341002465078061,0.0603393797376815
33_P_mc070,33,0.01889893179950699,0.018898931799506986,0.17604296092878768
33_P_mc071,33,0.013557929334428924,0.013557929334428924,0.12412712384407233
33_P_mc072,33,0.009038619556285949,0.009038619556285949,0.11712733096122467
33_P_mc073,33,0.009038619556285949,0.009038619556285949,0.0973845061365692
33_P_mc074,33,0.018488085456039437,0.01848808545603944,0.16928166856093874
33_P_mc075,33,0.007395234182415777,0.007395234182415777,0.08972137617789608
33_P_mc076,33,0.027526705012325396,0.02752670501232539,0.28489449328697386
33_P_mc077,33,0.022185702547247325,0.02218570254724733,0.24823920746665676
33_P_mc078,33,0.016433853738701727,0.016433853738701727,0.19579688936705006
33_P_mc079,33,0.0045193097781429745,0.0045193097781429745,0.04966355030420112
33_P_mc080,33,0.019309778142974528,0.019309778142974528,0.34934261497505814
36_P_mc000,36,0.05806451612903227,0.05806451612903226,1.092508317260326
36_P_mc001,36,0.23870967741935484,0.23870967741935484,2.563749272303495
36_P_mc002,36,0.01935483870967742,0.01935483870967742,0.29875448754194084
36_P_mc003,36,0.16774193548387095,0.16774193548387098,3.384132667578412
36_P_mc004,36,0.5161290322580645,0.5161290322580645,12.325352396734605
