metacell_id,patient_id,O_transport_mass,source_marginal,transport_cost_diagnostic
2_P_mc000,2,0.06896551724137931,0.06896551724137931,0.3941583783069948
2_P_mc001,2,0.0367816091954023,0.0367816091954023,0.32689565805701715
2_P_mc002,2,0.08275862068965519,0.08275862068965517,0.6662613518464864
2_P_mc003,2,0.059770114942528735,0.059770114942528735,0.4519624104064932
2_P_mc004,2,0.08045977011494253,0.08045977011494253,0.4965667146293052
2_P_mc005,2,0.06206896551724138,0.06206896551724138,0.5326502915383646
2_P_mc006,2,0.07586206896551723,0.07586206896551724,0.5522765757298913
2_P_mc007,2,0.09655172413793103,0.09655172413793103,1.0683787258574502
2_P_mc008,2,0.057471264367816105,0.05747126436781609,0.624609002134298
2_P_mc009,2,0.06436781609195402,0.06436781609195402,0.4265023398754275
2_P_mc010,2,0.08275862068965519,0.08275862068965517,0.8678731313338995
2_P_mc011,2,0.06206896551724138,0.06206896551724138,0.46529525273841665
2_P_mc012,2,0.06666666666666668,0.06666666666666667,1.0416386050148152
2_P_mc013,2,0.10344827586206896,0.10344827586206896,0.8293607616977803
5_P_mc000,5,0.10655737704918032,0.10655737704918032,1.173023707431434
5_P_mc001,5,0.14344262295081964,0.14344262295081966,2.529371510766045
5_P_mc002,5,0.14754098360655737,0.14754098360655737,1.4685383435215802
5_P_mc003,5,0.16393442622950818,0.16393442622950818,1.9064856899285534
5_P_mc004,5,0.12704918032786885,0.12704918032786885,3.4759031697656324
5_P_mc005,5,0.0860655737704918,0.0860655737704918,1.2468983317563804
5_P_mc006,5,0.13524590163934427,0.13524590163934427,2.243187921171663
5_P_mc007,5,0.09016393442622951,0.09016393442622951,0.9721066248115124
6_P_mc000,6,0.006082108464267615,0.006082108464267613,0.20559671900444554
6_P_mc001,6,0.00456158134820071,0.00456158134820071,0.1214003793408358
6_P_mc002,6,0.014445007602635573,0.01444500760263558,0.34380104546051876
6_P_mc003,6,0.003547896604156108,0.0035478966041561076,0.04915495242753648
6_P_mc004,6,0.012164216928535226,0.012164216928535226,0.22465623670508722
6_P_mc005,6,0.00456158134820071,0.00456158134820071,0.14905073773081723
6_P_mc006,6,0.007856056766345673,0.007856056766345666,0.19149938973815234
6_P_mc007,6,0.006082108464267615,0.006082108464267613,0.17782636012465497
6_P_mc008,6,0.0060821084642676115,0.006082108464267613,0.2154302384941928
6_P_mc009,6,0.006842372022301061,0.006842372022301064,0.20694419443170037
6_P_mc010,6,0.004308160162189559,0.004308160162189559,0.0932934803513598
6_P_mc011,6,0.008362899138367968,0.008362899138367968,0.1561223781123467
6_P_mc012,6,0.006842372022301063,0.006842372022301064,0.2165201152142882
6_P_mc013,6,0.01140395337050178,0.011403953370501775,0.24242994104124055
6_P_mc014,6,0.014698428788646734,0.01469842878864673,0.27164588685946073
6_P_mc015,6,0.007095793208312215,0.007095793208312215,0.1322849034088066
6_P_mc016,6,0.008109477952356817,0.008109477952356817,0.229911311647433
6_P_mc017,6,0.005828687278256464,0.005828687278256462,0.14518977619406007
6_P_mc018,6,0.0027876330461226563,0.002787633046122656,0.08346051624730651
6_P_mc019,6,0.00658895083628992,0.006588950836289914,0.15714709792294246
6_P_mc020,6,0.004561581348200712,0.00456158134820071,0.12246900193428793
6_P_mc021,6,0.005575266092245311,0.005575266092245312,0.16843401351954027
6_P_mc022,6,0.011910795742524082,0.011910795742524075,0.22385245178743646
6_P_mc023,6,0.005828687278256465,0.005828687278256462,0.13882830455534226
6_P_mc024,6,0.014951849974657882,0.014951849974657882,0.3040528748631348
6_P_mc025,6,0.008616320324379121,0.008616320324379118,0.22997768945296676
6_P_mc026,6,0.006335529650278762,0.0063355296502787635,0.19399745085667874
6_P_mc027,6,0.007602635580334517,0.007602635580334516,0.15860092707942422
6_P_mc028,6,0.007602635580334516,0.007602635580334516,0.15732578447285528
6_P_mc029,6,0.004815002534211859,0.00481500253421186,0.05471217259069551
6_P_mc030,6,0.004561581348200706,0.00456158134820071,0.1742198316480162
6_P_mc031,6,0.0058286872782564655,0.005828687278256462,0.1382107389260119
6_P_mc032,6,0.004054738976178409,0.0040547389761784085,0.1238157354712386
6_P_mc033,6,0.006335529650278764,0.0063355296502787635,0.10865088177050265
6_P_mc034,6,0.015458692346680179,0.015458692346680182,0.23761119279998758
6_P_mc035,6,0.008869741510390265,0.008869741510390269,0.23424695288098435
6_P_mc036,6,0.004561581348200709,0.00456158134820071,0.16314274675155996
6_P_mc037,6,0.00963000506842372,0.00963000506842372,0.24520098068519103
6_P_mc038,6,0.004815002534211859,0.00481500253421186,0.09585490052797108
6_P_mc039,6,0.010390268626457172,0.010390268626457172,0.2159504968645128
6_P_mc040,6,0.0063355296502787635,0.0063355296502787635,0.14458670935645193
6_P_mc041,6,0.00456158134820071,0.00456158134820071,0.10044662862615694
6_P_mc042,6,0.011150532184490632,0.011150532184490624,0.3341578897188531
6_P_mc043,6,0.012164216928535221,0.012164216928535226,0.2431101514859284
6_P_mc044,6,0.006082108464267617,0.006082108464267613,0.15190501424648628
6_P_mc045,6,0.005828687278256462,0.005828687278256462,0.14717544999840626
6_P_mc046,6,0.008362899138367966,0.008362899138367968,0.09808078713257568
6_P_mc047,6,0.0032944754181449573,0.003294475418144957,0.08956377205625816
6_P_mc048,6,0.007856056766345664,0.007856056766345666,0.2124500756381193
6_P_mc049,6,0.003294475418144956,0.003294475418144957,0.07910381299557526
6_P_mc050,6,0.008109477952356815,0.008109477952356817,0.16276621151046172
6_P_mc051,6,0.013938165230613277,0.013938165230613279,0.14275951544183105
6_P_mc052,6,0.01089711099847947,0.010897110998479472,0.25266260666334
6_P_mc053,6,0.002534211860111505,0.002534211860111505,0.06315562758625014
6_P_mc054,6,0.007856056766345664,0.007856056766345666,0.1696672256402414
6_P_mc055,6,0.009630005068423719,0.00963000506842372,0.1418731146567357
6_P_mc056,6,0.007349214394323365,0.007349214394323365,0.08282648497880639
6_P_mc057,6,0.014445007602635576,0.01444500760263558,0.26790254991671547
6_P_mc058,6,0.016979219462747094,0.016979219462747084,0.3166770795028796
6_P_mc059,6,0.009630005068423724,0.00963000506842372,0.26767970147780357
6_P_mc060,6,0.007349214394323368,0.007349214394323365,0.13731106761423584
6_P_mc061,6,0.003041054232133806,0.0030410542321338066,0.0775655542145592
6_P_mc062,6,0.005575266092245314,0.005575266092245312,0.14887572471879462
6_P_mc063,6,0.004561581348200707,0.00456158134820071,0.1183364964938049
6_P_mc064,6,0.010390268626457172,0.010390268626457172,0.3058641729864505
6_P_mc065,6,0.005068423720223009,0.00506842372022301,0.11444807102065531
6_P_mc066,6,0.010897110998479472,0.010897110998479472,0.11032587931256566
6_P_mc067,6,0.01976685250886974,0.019766852508869743,0.24077570801653964
6_P_mc068,6,0.011910795742524075,0.011910795742524075,0.11616335161755256
6_P_mc069,6,0.010390268626457167,0.010390268626457172,0.15195528841802552
6_P_mc070,6,0.012417638114546376,0.012417638114546376,0.2765281693619115
6_P_mc071,6,0.008869741510390269,0.008869741510390269,0.10741127396554606
6_P_mc072,6,0.006842372022301064,0.006842372022301064,0.1279004016249363
6_P_mc073,6,0.00405473897617841,0.0040547389761784085,0.14050856142614132
6_P_mc074,6,0.007095793208312213,0.007095793208312215,0.16634542010841596
6_P_mc075,6,0.016472377090724778,0.016472377090724785,0.3058278011953491
6_P_mc076,6,0.00810947795235681,0.008109477952356817,0.21618396592173045
6_P_mc077,6,0.0073492143943233645,0.007349214394323365,0.18212390088655128
6_P_mc078,6,0.00506842372022301,0.00506842372022301,0.04906650175621055
6_P_mc079,6,0.005068423720223007,0.00506842372022301,0.11379034077027528
6_P_mc080,6,0.01165737455651292,0.011657374556512924,0.3210374502547773
6_P_mc081,6,0.00734921439432337,0.007349214394323365,0.19296126877388534
6_P_mc082,6,0.010136847440446023,0.01013684744044602,0.2939571457393202
6_P_mc083,6,0.010643689812468325,0.010643689812468323,0.31825331142091823
6_P_mc084,6,0.007349214394323365,0.007349214394323365,0.13545388738761405
6_P_mc085,6,0.009123162696401416,0.00912316269640142,0.1260211981789996
6_P_mc086,6,0.008869741510390263,0.008869741510390269,0.22816440673320143
6_P_mc087,6,0.011657374556512919,0.011657374556512924,0.18921484128507207
6_P_mc088,6,0.004815002534211858,0.00481500253421186,0.1009652039850034
6_P_mc089,6,0.00963000506842372,0.00963000506842372,0.21140030699258477
6_P_mc090,6,0.006588950836289912,0.006588950836289914,0.14123307875642416
6_P_mc091,6,0.004561581348200713,0.00456158134820071,0.11157923119570673
6_P_mc092,6,0.005321844906234164,0.0053218449062341616,0.11342274429556631
6_P_mc093,6,0.008616320324379116,0.008616320324379118,0.1420381943011192
6_P_mc094,6,0.004308160162189559,0.004308160162189559,0.06720510620417129
6_P_mc095,6,0.010643689812468321,0.010643689812468323,0.2040763590868029
6_P_mc096,6,0.0050684237202230096,0.00506842372022301,0.05585672992533516
6_P_mc097,6,0.007095793208312219,0.007095793208312215,0.15483117892019996
6_P_mc098,6,0.007095793208312218,0.007095793208312215,0.20052798699653487
6_P_mc099,6,0.008616320324379118,0.008616320324379118,0.18829928585264652
6_P_mc100,6,0.006082108464267613,0.006082108464267613,0.20143078741743198
6_P_mc101,6,0.008362899138367968,0.008362899138367968,0.23672076539734094
6_P_mc102,6,0.009123162696401416,0.00912316269640142,0.2766885077768285
6_P_mc103,6,0.007349214394323364,0.007349214394323365,0.09508607668856606
6_P_mc104,6,0.005575266092245312,0.005575266092245312,0.13514979888244733
6_P_mc105,6,0.008109477952356815,0.008109477952356817,0.16881012575636403
6_P_mc106,6,0.004054738976178408,0.0040547389761784085,0.03798295435538818
6_P_mc107,6,0.004054738976178409,0.0040547389761784085,0.09829462325091716
6_P_mc108,6,0.003294475418144957,0.003294475418144957,0.07356214699170865
6_P_mc109,6,0.00861632032437912,0.008616320324379118,0.2224537234289129
6_P_mc110,6,0.006842372022301064,0.006842372022301064,0.1579776815105527
6_P_mc111,6,0.0027876330461226563,0.002787633046122656,0.12366288213016863
6_P_mc112,6,0.011910795742524075,0.011910795742524075,0.38379996587996257
6_P_mc113,6,0.006335529650278766,0.0063355296502787635,0.20425526771660119
6_P_mc114,6,0.006842372022301069,0.006842372022301064,0.2258652816735905
6_P_mc115,6,0.01393816523061328,0.013938165230613279,0.24416265481803157
6_P_mc116,6,0.007349214394323366,0.007349214394323365,0.09427698426060431
6_P_mc117,6,0.005828687278256464,0.005828687278256462,0.15134609680828343
6_P_mc118,6,0.002534211860111505,0.002534211860111505,0.06901134691593318
6_P_mc119,6,0.005575266092245311,0.005575266092245312,0.06684913154779949
6_P_mc120,6,0.0030410542321338066,0.0030410542321338066,0.0398385519606675
6_P_mc121,6,0.00608210846426761,0.006082108464267613,0.16324638400418823
6_P_mc122,6,0.006588950836289912,0.006588950836289914,0.18573271024896978
6_P_mc123,6,0.006842372022301063,0.006842372022301064,0.08079641675953625
6_P_mc124,6,0.006082108464267615,0.006082108464267613,0.20154488957780675
6_P_mc125,6,0.0063355296502787635,0.0063355296502787635,0.2051421394419852
6_P_mc126,6,0.002787633046122656,0.002787633046122656,0.11129135049325062
6_P_mc127,6,0.00456158134820071,0.00456158134820071,0.12286101849677389
6_P_mc128,6,0.01013684744044602,0.01013684744044602,0.21772669191370367
6_P_mc129,6,0.004308160162189558,0.004308160162189559,0.09622399794471419
6_P_mc130,6,0.00456158134820071,0.00456158134820071,0.11816203618863141
6_P_mc131,6,0.0038013177901672583,0.003801317790167258,0.13669125570568033
7_P_mc000,7,0.06518010291595196,0.06518010291595197,1.0526186629903058
7_P_mc001,7,0.07547169811320754,0.07547169811320754,0.6042727128598531
7_P_mc002,7,0.0548885077186964,0.0548885077186964,0.24193609023778706
7_P_mc003,7,0.044596912521440824,0.044596912521440824,0.33187683744154
7_P_mc004,7,0.04631217838765009,0.04631217838765009,0.6207731296218613
7_P_mc005,7,0.06003430531732419,0.060034305317324184,0.6826896403794858
7_P_mc006,7,0.08061749571183534,0.08061749571183534,0.3983437849914786
7_P_mc007,7,0.06003430531732418,0.060034305317324184,0.6561522022742097
7_P_mc008,7,0.017152658662092625,0.017152658662092625,0.27771598273044606
7_P_mc009,7,0.05660377358490566,0.05660377358490566,0.4043916107075727
7_P_mc010,7,0.06689536878216122,0.06689536878216124,0.936969343532326
7_P_mc011,7,0.06518010291595197,0.06518010291595197,0.41938082645503566
7_P_mc012,7,0.053173241852487146,0.05317324185248713,0.5589266977033746
7_P_mc013,7,0.039451114922813044,0.03945111492281304,0.26007996107000086
7_P_mc014,7,0.032590051457975985,0.032590051457975985,0.10089531041537171
7_P_mc015,7,0.053173241852487146,0.05317324185248713,0.752271475644315
7_P_mc016,7,0.03773584905660377,0.03773584905660377,0.19852647123932293
7_P_mc017,7,0.03945111492281304,0.03945111492281304,0.6044154173102059
7_P_mc018,7,0.05145797598627788,0.051457975986277875,0.29244642562367423
9_P_mc000,9,0.004805456518369246,0.004805456518369245,0.04277410025198695
9_P_mc001,9,0.005425515423965277,0.005425515423965277,0.049695205304195376
9_P_mc002,9,0.0071306774143543635,0.0071306774143543635,0.06572989000473148
9_P_mc003,9,0.0023252208959851192,0.002325220895985119,0.022941959288950542
9_P_mc004,9,0.00961091303673849,0.00961091303673849,0.10385311368961347
9_P_mc005,9,0.0032553092543791662,0.0032553092543791662,0.023423024589095558
9_P_mc006,9,0.003875368159975198,0.0038753681599751977,0.029401011825721225
9_P_mc007,9,0.008060765772748411,0.008060765772748411,0.08590300172599745
9_P_mc008,9,0.009145868857541466,0.009145868857541466,0.08015208727510527
9_P_mc009,9,0.005270500697566268,0.005270500697566269,0.05092764206946141
9_P_mc010,9,0.002325220895985119,0.002325220895985119,0.021761136606422392
9_P_mc011,9,0.007905751046349403,0.007905751046349403,0.06438263125457788
9_P_mc012,9,0.005735544876763291,0.005735544876763293,0.0515353072592162
9_P_mc013,9,0.005580530150364285,0.005580530150364285,0.04303744310087668
9_P_mc014,9,0.0009300883583940477,0.0009300883583940474,0.027711056707810003
9_P_mc015,9,0.005270500697566269,0.005270500697566269,0.041459976842389015
9_P_mc016,9,0.0032553092543791662,0.0032553092543791662,0.03003433595423876
9_P_mc017,9,0.0017051619903890869,0.0017051619903890869,0.014868904605142065
9_P_mc018,9,0.007750736319950395,0.007750736319950395,0.07122585163558788
9_P_mc019,9,0.006045574329561308,0.0060455743295613085,0.04322441393693782
9_P_mc020,9,0.00945589831033948,0.009455898310339482,0.0849071550305632
9_P_mc021,9,0.0026352503487831343,0.0026352503487831343,0.024213590421593666
9_P_mc022,9,0.0034103239807781738,0.0034103239807781738,0.037390775714781554
9_P_mc023,9,0.006200589055960316,0.0062005890559603165,0.0458956160350215
9_P_mc024,9,0.0049604712447682536,0.004960471244768253,0.07003041762714754
9_P_mc025,9,0.0001550147263990079,0.0001550147263990079,0.003109346442620316
9_P_mc026,9,0.006045574329561309,0.0060455743295613085,0.06550804471814274
9_P_mc027,9,0.002790265075182142,0.0027902650751821423,0.028111216126180134
9_P_mc028,9,0.0009300883583938966,0.0009300883583940474,0.0200119709172387
9_P_mc029,9,0.004650441791970238,0.004650441791970238,0.04087412579416931
9_P_mc030,9,0.0060455743295613085,0.0060455743295613085,0.055295934315384154
9_P_mc031,9,0.0075957215935513875,0.0075957215935513875,0.06872642391893834
9_P_mc032,9,0.006510618508758333,0.0065106185087583325,0.05945886638361247
9_P_mc033,9,0.005270500697566268,0.005270500697566269,0.04831052117907477
9_P_mc034,9,0.01302123701751666,0.013021237017516665,0.12027621907168476
9_P_mc035,9,0.0029452798015811503,0.0029452798015811503,0.02919662491269821
9_P_mc036,9,0.0037203534335761897,0.0037203534335761897,0.031118249674242243
9_P_mc037,9,0.0031002945279801583,0.0031002945279801583,0.02778041366632709
9_P_mc038,9,0.008215780499147417,0.008215780499147418,0.07599468740437328
9_P_mc039,9,0.006665633235157339,0.00666563323515734,0.05665167928756462
9_P_mc040,9,0.004185397612773214,0.004185397612773214,0.04117401130997615
9_P_mc041,9,0.0055805301503642855,0.005580530150364285,0.06931046844599684
9_P_mc042,9,0.005890559603162301,0.0058905596031623006,0.07347980901711507
9_P_mc043,9,0.00449542706557123,0.00449542706557123,0.03172703631733022
9_P_mc044,9,0.0075957215935513875,0.0075957215935513875,0.05937862929690768
9_P_mc045,9,0.0027902650751821423,0.0027902650751821423,0.0218080114898118
9_P_mc046,9,0.006510618508758332,0.0065106185087583325,0.06654256034746715
9_P_mc047,9,0.00449542706557123,0.00449542706557123,0.04444007270318325
9_P_mc048,9,0.011471089753526585,0.011471089753526585,0.11758419269760552
9_P_mc049,9,0.002170206169586111,0.002170206169586111,0.020660995266206416
9_P_mc050,9,0.0004650441791970237,0.0004650441791970237,0.005221804267991295
9_P_mc051,9,0.004030382886374206,0.004030382886374206,0.030333112022379736
9_P_mc052,9,0.005270500697566271,0.005270500697566269,0.05824447074445791
9_P_mc053,9,0.001550147263990079,0.0015501472639900791,0.017256267967829236
9_P_mc054,9,0.010075957215935509,0.010075957215935514,0.11858145958566862
9_P_mc055,9,0.008215780499147417,0.008215780499147418,0.07168624424179168
9_P_mc056,9,0.0034103239807781738,0.0034103239807781738,0.02819926692482211
9_P_mc057,9,0.006200589055960316,0.0062005890559603165,0.0473076235171902
9_P_mc058,9,0.0015501472639900791,0.0015501472639900791,0.0168774011448861
9_P_mc059,9,0.002015191443187103,0.002015191443187103,0.021492882035213948
9_P_mc060,9,0.0018601767167880949,0.0018601767167880949,0.016118360925142662
9_P_mc061,9,0.004805456518369245,0.004805456518369245,0.04075796232547515
9_P_mc062,9,0.008215780499147418,0.008215780499147418,0.07177506097449843
9_P_mc063,9,0.0038753681599751977,0.0038753681599751977,0.03216008307596398
9_P_mc064,9,0.002015191443187103,0.002015191443187103,0.014518280878401676
9_P_mc065,9,0.0058905596031623006,0.0058905596031623006,0.04954611562635865
9_P_mc066,9,0.006355603782359324,0.0063556037823593245,0.0895635972212226
9_P_mc067,9,0.006045574329561307,0.0060455743295613085,0.14295391820766093
9_P_mc068,9,0.006355603782359325,0.0063556037823593245,0.07370341382857531
9_P_mc069,9,0.005735544876763293,0.005735544876763293,0.04793541825907114
9_P_mc070,9,0.006200589055960316,0.0062005890559603165,0.04980857704069885
9_P_mc071,9,0.008060765772748415,0.008060765772748411,0.08189778775492537
9_P_mc072,9,0.0063556037823593245,0.0063556037823593245,0.05680684368068683
9_P_mc073,9,0.005580530150364284,0.005580530150364285,0.057256383566136444
9_P_mc074,9,0.002325220895985119,0.002325220895985119,0.022268072246727257
9_P_mc075,9,0.003255309254379166,0.0032553092543791662,0.023156233862972667
9_P_mc076,9,0.002325220895985119,0.002325220895985119,0.040607933392733726
9_P_mc077,9,0.0037203534335761897,0.0037203534335761897,0.034194310967253616
9_P_mc078,9,0.0032553092543791667,0.0032553092543791662,0.028948616154945074
9_P_mc079,9,0.006820647961556346,0.0068206479615563476,0.06879744754376246
9_P_mc080,9,0.0058905596031623,0.0058905596031623006,0.06753656093486916
9_P_mc081,9,0.0072856921407533715,0.0072856921407533715,0.08160920677338399
9_P_mc082,9,0.005270500697566268,0.005270500697566269,0.0845631303273459
9_P_mc083,9,0.005890559603162301,0.0058905596031623006,0.06298562052586082
9_P_mc084,9,0.0001550147263990079,0.0001550147263990079,0.004375304605057431
9_P_mc085,9,0.001395132537591071,0.0013951325375910712,0.011775529454183876
9_P_mc086,9,0.0007750736319950397,0.0007750736319950396,0.008013606643211314
9_P_mc087,9,0.005735544876763293,0.005735544876763293,0.04789831140850612
9_P_mc088,9,0.002015191443187103,0.002015191443187103,0.03214288384531329
9_P_mc089,9,0.005115485971167261,0.005115485971167261,0.0627148931582771
9_P_mc090,9,0.0034103239807781738,0.0034103239807781738,0.04556646013636324
9_P_mc091,9,0.0040303828863742066,0.004030382886374206,0.04012287059615741
9_P_mc092,9,0.0024802356223841263,0.0024802356223841263,0.01879051301510608
9_P_mc093,9,0.007905751046349403,0.007905751046349403,0.055434962805823676
9_P_mc094,9,0.0003100294527980158,0.0003100294527980158,0.003847823940160837
9_P_mc095,9,0.0007750736319950396,0.0007750736319950396,0.008623686471168198
9_P_mc096,9,0.0031002945279801583,0.0031002945279801583,0.019573404382690528
9_P_mc097,9,0.0055805301503642855,0.005580530150364285,0.04527283005438977
9_P_mc098,9,0.0018601767167880949,0.0018601767167880949,0.019995914602090277
9_P_mc099,9,0.0001550147263990079,0.0001550147263990079,0.0017699996138193649
9_P_mc100,9,0.0018601767167880949,0.0018601767167880949,0.02756530852677455
9_P_mc101,9,0.0031002945279801583,0.0031002945279801583,0.02748334892016159
9_P_mc102,9,0.006975662687955356,0.0069756626879553555,0.06561952067359286
9_P_mc103,9,0.0034103239807781738,0.0034103239807781738,0.020326566404722253
9_P_mc104,9,0.006665633235157339,0.00666563323515734,0.0698707023668976
9_P_mc105,9,0.0058905596031623006,0.0058905596031623006,0.050929871992200566
9_P_mc106,9,0.008835839404743456,0.00883583940474345,0.07603464206670654
9_P_mc107,9,0.0048054565183692464,0.004805456518369245,0.06166528220733191
9_P_mc108,9,0.0052705006975662695,0.005270500697566269,0.039957320591928844
9_P_mc109,9,0.009765927763137495,0.009765927763137498,0.07810846113297128
9_P_mc110,9,0.0004650441791970237,0.0004650441791970237,0.006252104534649099
9_P_mc111,9,0.0038753681599751986,0.0038753681599751977,0.04509667756571642
9_P_mc112,9,0.004340412339172221,0.004340412339172222,0.044531824749240494
9_P_mc113,9,0.004805456518369245,0.004805456518369245,0.048516424267428526
9_P_mc114,9,0.00728569214075337,0.0072856921407533715,0.07758455036358708
9_P_mc115,9,0.007595721593551388,0.0075957215935513875,0.08348119092997494
9_P_mc116,9,0.0018601767167880949,0.0018601767167880949,0.017100011499341712
9_P_mc117,9,0.008370795225546426,0.008370795225546427,0.09427232917408088
9_P_mc118,9,0.0026352503487831343,0.0026352503487831343,0.018876500894739554
9_P_mc119,9,0.008060765772748411,0.008060765772748411,0.07534412101388907
9_P_mc120,9,0.0035653387071771813,0.0035653387071771818,0.03003568344621509
9_P_mc121,9,0.0071306774143543635,0.0071306774143543635,0.07382422752013579
9_P_mc122,9,0.008525809951945434,0.008525809951945434,0.08540777780609009
9_P_mc123,9,0.0029452798015811503,0.0029452798015811503,0.02318244779518179
9_P_mc124,9,0.002635250348783134,0.0026352503487831343,0.023297051150055276
9_P_mc125,9,0.004805456518369245,0.004805456518369245,0.04804554849547875
9_P_mc126,9,0.004650441791970238,0.004650441791970238,0.038250522035160446
9_P_mc127,9,0.00883583940474345,0.00883583940474345,0.07317954552327456
9_P_mc128,9,0.00449542706557123,0.00449542706557123,0.04023156238272545
9_P_mc129,9,0.0001550147263990079,0.0001550147263990079,0.003151868153631652
9_P_mc130,9,0.0009300883583940474,0.0009300883583940474,0.009801775220403416
9_P_mc131,9,0.008060765772748411,0.008060765772748411,0.06739524770501816
9_P_mc132,9,0.004340412339172222,0.004340412339172222,0.03027622320508545
9_P_mc133,9,0.009455898310339482,0.009455898310339482,0.07996090383770119
9_P_mc134,9,0.002015191443187103,0.002015191443187103,0.012922607991388686
9_P_mc135,9,0.01038598666873353,0.01038598666873353,0.09962755601408002
9_P_mc136,9,0.00961091303673849,0.00961091303673849,0.07166423609748832
9_P_mc137,9,0.0029452798015811507,0.0029452798015811503,0.0273644122224857
9_P_mc138,9,0.0034103239807781738,0.0034103239807781738,0.030921366816699238
9_P_mc139,9,0.003255309254379166,0.0032553092543791662,0.020722389805589676
9_P_mc140,9,0.0007750736319950396,0.0007750736319950396,0.01205799658918649
9_P_mc141,9,0.004185397612773214,0.004185397612773214,0.039350081994469405
9_P_mc142,9,0.0029452798015811503,0.0029452798015811503,0.03090493242732861
9_P_mc143,9,0.005735544876763293,0.005735544876763293,0.04454205927513361
9_P_mc144,9,0.0077507363199503946,0.007750736319950395,0.062105792469625866
9_P_mc145,9,0.0010851030847930554,0.0010851030847930554,0.008035715947984733
9_P_mc146,9,0.0003100294527980158,0.0003100294527980158,0.005137327544975545
9_P_mc147,9,0.0024802356223841263,0.0024802356223841263,0.016827998493217936
9_P_mc148,9,0.006510618508758333,0.0065106185087583325,0.05861301109691612
9_P_mc149,9,0.003100294527980157,0.0031002945279801583,0.02191392961109662
9_P_mc150,9,0.004960471244768253,0.004960471244768253,0.04387079796798936
9_P_mc151,9,0.004030382886374206,0.004030382886374206,0.05598750412525726
9_P_mc152,9,0.006200589055960317,0.0062005890559603165,0.06330564232728907
9_P_mc153,9,0.004960471244768252,0.004960471244768253,0.05869438713654245
9_P_mc154,9,0.0001550147263990079,0.0001550147263990079,0.0019294343371556253
9_P_mc155,9,0.002325220895985119,0.002325220895985119,0.014934764536567164
9_P_mc156,9,0.0031002945279801583,0.0031002945279801583,0.023569687375459794
9_P_mc157,9,0.010230971942334523,0.010230971942334521,0.09801226382556609
9_P_mc158,9,0.005735544876763293,0.005735544876763293,0.04145695123380976
9_P_mc159,9,0.005580530150364284,0.005580530150364285,0.04502718766501048
9_P_mc160,9,0.0013951325375910712,0.0013951325375910712,0.012946072284627371
9_P_mc161,9,0.002170206169586111,0.002170206169586111,0.014685248591912866
9_P_mc162,9,0.0024802356223841263,0.0024802356223841263,0.023482326462643022
9_P_mc163,9,0.0017051619903890869,0.0017051619903890869,0.014102389896796241
9_P_mc164,9,0.005425515423965277,0.005425515423965277,0.06873775502748115
9_P_mc165,9,0.0001550147263990079,0.0001550147263990079,0.0034545855607849628
9_P_mc166,9,0.005270500697566269,0.005270500697566269,0.05117966830618647
9_P_mc167,9,0.0035653387071771818,0.0035653387071771818,0.032152985243572296
9_P_mc168,9,0.004185397612773214,0.004185397612773214,0.09523302630093367
9_P_mc169,9,0.0006200589055960316,0.0006200589055960316,0.009679658268968144
9_P_mc170,9,0.007750736319950399,0.007750736319950395,0.05646759263412934
9_P_mc171,9,0.0032553092543791662,0.0032553092543791662,0.02912042920378923
9_P_mc172,9,0.001395132537591071,0.0013951325375910712,0.016396441707167364
9_P_mc173,9,0.0015501472639900793,0.0015501472639900791,0.03428193609093735
9_P_mc174,9,0.006355603782359323,0.0063556037823593245,0.04876857679295069
9_P_mc175,9,0.0035653387071771818,0.0035653387071771818,0.029954520948236654
9_P_mc176,9,0.008680824678344442,0.008680824678344443,0.060596738067774505
9_P_mc177,9,0.002170206169586111,0.002170206169586111,0.02250056856499082
9_P_mc178,9,0.004340412339172222,0.004340412339172222,0.044625990299723264
9_P_mc179,9,0.0010851030847930554,0.0010851030847930554,0.010317899535062763
9_P_mc180,9,0.009920942489536507,0.009920942489536505,0.06077278596299998
9_P_mc181,9,0.0037203534335761893,0.0037203534335761897,0.023806205874689037
9_P_mc182,9,0.005580530150364285,0.005580530150364285,0.05106261584417876
9_P_mc183,9,0.0037203534335761897,0.0037203534335761897,0.02685538497581929
9_P_mc184,9,0.0018601767167880949,0.0018601767167880949,0.013491149336223406
9_P_mc185,9,0.0003100294527980158,0.0003100294527980158,0.006260562072352387
9_P_mc186,9,0.0029452798015811503,0.0029452798015811503,0.01482640654459961
9_P_mc187,9,0.009455898310339479,0.009455898310339482,0.07038644769801376
9_P_mc188,9,0.004805456518369245,0.004805456518369245,0.048207050830656205
9_P_mc189,9,0.002325220895985119,0.002325220895985119,0.023057554085470656
9_P_mc190,9,0.0041853976127732145,0.004185397612773214,0.04213640888990285
9_P_mc191,9,0.001550147263990079,0.0015501472639900791,0.014824794622274692
9_P_mc192,9,0.0021702061695861113,0.002170206169586111,0.019359989757640174
9_P_mc193,9,0.0017051619903890869,0.0017051619903890869,0.017020367592022325
9_P_mc194,9,0.0048054565183692464,0.004805456518369245,0.041061166740164794
9_P_mc195,9,0.0027902650751821423,0.0027902650751821423,0.02656568682288277
9_P_mc196,9,0.007285692140753372,0.0072856921407533715,0.07220254037145524
9_P_mc197,9,0.006820647961556348,0.0068206479615563476,0.05951006585338133
9_P_mc198,9,0.006510618508758334,0.0065106185087583325,0.04184266245826244
9_P_mc199,9,0.0037203534335761897,0.0037203534335761897,0.03032691640191119
9_P_mc200,9,0.002170206169586111,0.002170206169586111,0.02594517199490816
9_P_mc201,9,0.002945279801581151,0.0029452798015811503,0.02287598970623238
9_P_mc202,9,0.0031002945279801583,0.0031002945279801583,0.022672961728219837
9_P_mc203,9,0.005580530150364284,0.005580530150364285,0.042166163456731104
9_P_mc204,9,0.006510618508758332,0.0065106185087583325,0.06090704019194731
9_P_mc205,9,0.0049604712447682536,0.004960471244768253,0.0455580503152881
9_P_mc206,9,0.010696016121531546,0.010696016121531546,0.10268836885290689
9_P_mc207,9,0.009455898310339488,0.009455898310339482,0.07446300198536898
9_P_mc208,9,0.0007750736319950396,0.0007750736319950396,0.005380145019761031
9_P_mc209,9,0.005115485971167262,0.005115485971167261,0.05916967275445335
9_P_mc210,9,0.004185397612773214,0.004185397612773214,0.03851798324212381
9_P_mc211,9,0.007595721593551388,0.0075957215935513875,0.0888083647884843
9_P_mc212,9,0.005115485971167261,0.005115485971167261,0.04341724620769728
9_P_mc213,9,0.008060765772748411,0.008060765772748411,0.059413492689628235
9_P_mc214,9,0.004340412339172222,0.004340412339172222,0.048893570427408425
10_P_mc000,10,0.18110236220472442,0.18110236220472442,4.04902152116798
10_P_mc001,10,0.4330708661417322,0.4330708661417323,13.212161826020585
10_P_mc002,10,0.22834645669291342,0.2283464566929134,1.8572353236707229
10_P_mc003,10,0.15748031496062992,0.15748031496062992,3.3834102552832346
11_P_mc000,11,0.014812138728323689,0.014812138728323699,0.21317297533136018
11_P_mc001,11,0.012283236994219657,0.012283236994219654,0.1598304363356511
11_P_mc002,11,0.0054190751445086695,0.00541907514450867,0.07515434931357026
11_P_mc003,11,0.009754335260115607,0.009754335260115607,0.11436468687809904
11_P_mc004,11,0.008309248554913294,0.008309248554913294,0.161275637664771
11_P_mc005,11,0.015534682080924856,0.015534682080924855,0.1774096375050159
11_P_mc006,11,0.01517341040462428,0.015173410404624277,0.27184711527040406
11_P_mc007,11,0.016257225433526014,0.01625722543352601,0.24382669786883054
11_P_mc008,11,0.01336705202312139,0.013367052023121388,0.17557398377926947
11_P_mc009,11,0.0036127167630057803,0.0036127167630057803,0.04963058212085237
11_P_mc010,11,0.017341040462427734,0.017341040462427744,0.17586126156461157
11_P_mc011,11,0.005419075144508668,0.00541907514450867,0.11978844606472586
11_P_mc012,11,0.01300578034682081,0.01300578034682081,0.18750469120668337
11_P_mc013,11,0.014450867052023114,0.014450867052023121,0.15677355955555927
11_P_mc014,11,0.00903179190751445,0.009031791907514452,0.10533901667299495
11_P_mc015,11,0.009393063583815033,0.00939306358381503,0.10566553277594906
11_P_mc016,11,0.008309248554913292,0.008309248554913294,0.07094036910735244
11_P_mc017,11,0.006141618497109825,0.006141618497109827,0.08948496785448262
11_P_mc018,11,0.013005780346820808,0.01300578034682081,0.10975611227401633
11_P_mc019,11,0.013728323699421964,0.013728323699421965,0.08932302742557979
11_P_mc020,11,0.004335260115606936,0.004335260115606936,0.0506751427893829
11_P_mc021,11,0.013367052023121388,0.013367052023121388,0.12240188133247346
11_P_mc022,11,0.011921965317919071,0.011921965317919074,0.131107769184066
11_P_mc023,11,0.011921965317919076,0.011921965317919074,0.11623620407911135
11_P_mc024,11,0.01300578034682081,0.01300578034682081,0.09143303994224292
11_P_mc025,11,0.009031791907514453,0.009031791907514452,0.06676618598661037
11_P_mc026,11,0.006141618497109827,0.006141618497109827,0.10230355492448515
11_P_mc027,11,0.006864161849710984,0.006864161849710983,0.0719689660041536
11_P_mc028,11,0.007586705202312138,0.007586705202312138,0.07331692957475437
11_P_mc029,11,0.014812138728323699,0.014812138728323699,0.3168843725975772
11_P_mc030,11,0.016257225433526003,0.01625722543352601,0.2072545490965868
11_P_mc031,11,0.01734104046242775,0.017341040462427744,0.2238854137421779
11_P_mc032,11,0.008309248554913292,0.008309248554913294,0.08638838112752165
11_P_mc033,11,0.006864161849710983,0.006864161849710983,0.07809432659722099
11_P_mc034,11,0.009754335260115609,0.009754335260115607,0.10022912149785881
11_P_mc035,11,0.011199421965317919,0.011199421965317919,0.14511910913960238
11_P_mc036,11,0.01228323699421965,0.012283236994219654,0.18712236974501784
11_P_mc037,11,0.004335260115606936,0.004335260115606936,0.038601982246996146
11_P_mc038,11,0.013367052023121388,0.013367052023121388,0.10726609600955314
11_P_mc039,11,0.011199421965317919,0.011199421965317919,0.17627210106445024
11_P_mc040,11,0.0148121387283237,0.014812138728323699,0.16968438126110705
11_P_mc041,11,0.009031791907514452,0.009031791907514452,0.2095705968337731
11_P_mc042,11,0.010476878612716761,0.010476878612716763,0.13477609160256393
11_P_mc043,11,0.018424855491329474,0.01842485549132948,0.30108853509610856
11_P_mc044,11,0.006141618497109828,0.006141618497109827,0.07707623672840834
11_P_mc045,11,0.010838150289017344,0.01083815028901734,0.16055791695063204
11_P_mc046,11,0.01697976878612716,0.016979768786127166,0.20933489454241905
11_P_mc047,11,0.008309248554913294,0.008309248554913294,0.09657136827813761
11_P_mc048,11,0.011560693641618495,0.011560693641618497,0.10493884522883076
11_P_mc049,11,0.010476878612716763,0.010476878612716763,0.13249514567746504
11_P_mc050,11,0.01517341040462427,0.015173410404624277,0.14776204929028983
11_P_mc051,11,0.006502890173410405,0.006502890173410405,0.04622778385350799
11_P_mc052,11,0.015895953757225436,0.015895953757225433,0.19719673038907234
11_P_mc053,11,0.012283236994219654,0.012283236994219654,0.2862005368596043
11_P_mc054,11,0.012644508670520228,0.012644508670520232,0.12445276754018884
11_P_mc055,11,0.016618497109826585,0.016618497109826588,0.16083772995089535
11_P_mc056,11,0.00903179190751445,0.009031791907514452,0.12434543862854508
11_P_mc057,11,0.0054190751445084735,0.00541907514450867,0.08830556313155424
11_P_mc058,11,0.011921965317919073,0.011921965317919074,0.1294739401196956
11_P_mc059,11,0.009754335260115602,0.009754335260115607,0.1450884754262869
11_P_mc060,11,0.012283236994219647,0.012283236994219654,0.16414343155750405
11_P_mc061,11,0.00903179190751445,0.009031791907514452,0.1306132256154662
11_P_mc062,11,0.015173410404624273,0.015173410404624277,0.1682351724311334
11_P_mc063,11,0.008670520231213872,0.008670520231213872,0.06511532014658356
11_P_mc064,11,0.01661849710982658,0.016618497109826588,0.21931886135962203
11_P_mc065,11,0.007947976878612718,0.007947976878612716,0.1585551491399736
11_P_mc066,11,0.009754335260115609,0.009754335260115607,0.203181889126827
11_P_mc067,11,0.007225433526011561,0.0072254335260115606,0.14752999100491573
11_P_mc068,11,0.016257225433526007,0.01625722543352601,0.13682016270491446
11_P_mc069,11,0.002167630057803468,0.002167630057803468,0.03827654229951609
11_P_mc070,11,0.0050578034682080926,0.0050578034682080926,0.09524641478749961
11_P_mc071,11,0.00903179190751445,0.009031791907514452,0.10790417541182502
11_P_mc072,11,0.005057803468208092,0.0050578034682080926,0.09157246254687286
11_P_mc073,11,0.014089595375722536,0.014089595375722543,0.20825554743648494
11_P_mc074,11,0.011199421965317924,0.011199421965317919,0.14339537840292946
11_P_mc075,11,0.006141618497109827,0.006141618497109827,0.08785091637011126
11_P_mc076,11,0.011560693641618495,0.011560693641618497,0.11809798655117315
11_P_mc077,11,0.013367052023121388,0.013367052023121388,0.161288898451139
11_P_mc078,11,0.013005780346820808,0.01300578034682081,0.16601138666337334
11_P_mc079,11,0.012644508670520239,0.012644508670520232,0.15109479724513794
11_P_mc080,11,0.020231213872832374,0.02023121387283237,0.3351306377220129
11_P_mc081,11,0.008309248554913294,0.008309248554913294,0.07823341963792606
11_P_mc082,11,0.006502890173410405,0.006502890173410405,0.06830329145103979
11_P_mc083,11,0.008670520231213872,0.008670520231213872,0.062478904274993634
11_P_mc084,11,0.00578034682080925,0.005780346820809248,0.09668309403692146
11_P_mc085,11,0.010476878612716765,0.010476878612716763,0.07900663189824905
11_P_mc086,11,0.013728323699421965,0.013728323699421965,0.18082408538227523
11_P_mc087,11,0.011199421965317915,0.011199421965317919,0.0882333458112339
11_P_mc088,11,0.008670520231213872,0.008670520231213872,0.08190608987468981
11_P_mc089,11,0.011921965317919076,0.011921965317919074,0.07959056351513562
11_P_mc090,11,0.010115606936416185,0.010115606936416185,0.10334181037297263
11_P_mc091,11,0.0115606936416185,0.011560693641618497,0.1239678502437691
12_P_mc000,12,0.017088174982911826,0.017088174982911826,0.16323582077968934
12_P_mc001,12,0.021189336978810668,0.021189336978810664,0.2304280568087612
12_P_mc002,12,0.012303485987696514,0.012303485987696514,0.14524670454726293
12_P_mc003,12,0.028708133971291863,0.028708133971291867,0.35974392878156497
12_P_mc004,12,0.025290498974709502,0.025290498974709502,0.2973504259478814
12_P_mc005,12,0.01572112098427888,0.01572112098427888,0.1451157067965408
12_P_mc006,12,0.015037593984962405,0.015037593984962405,0.21995776249019142
12_P_mc007,12,0.0225563909774436,0.022556390977443608,0.24022666755685648
12_P_mc008,12,0.02187286397812714,0.021872863978127138,0.21610851547627585
12_P_mc009,12,0.012987012987012965,0.012987012987012988,0.48548195768775587
12_P_mc010,12,0.03212576896787424,0.03212576896787423,0.4668888655876183
12_P_mc011,12,0.0177717019822283,0.0177717019822283,0.1795798421776578
12_P_mc012,12,0.02050580997949419,0.02050580997949419,0.17692145613123278
12_P_mc013,12,0.032125768967874224,0.03212576896787423,0.42538527238114154
12_P_mc014,12,0.010936431989063569,0.010936431989063569,0.3979605009717996
12_P_mc015,12,0.021189336978810664,0.021189336978810664,0.18831833209331988
12_P_mc016,12,0.02665755297334245,0.026657552973342446,0.3835402007764346
12_P_mc017,12,0.010936431989063569,0.010936431989063569,0.1321229238684143
12_P_mc018,12,0.009569377990430622,0.009569377990430622,0.15364198976186866
12_P_mc019,12,0.021872863978127138,0.021872863978127138,0.22490737055500667
12_P_mc020,12,0.01161995898838004,0.01161995898838004,0.10795070335677517
12_P_mc021,12,0.016404647983595352,0.016404647983595352,0.3688525852662396
12_P_mc022,12,0.017088174982911826,0.017088174982911826,0.10538931746912279
12_P_mc023,12,0.022556390977443608,0.022556390977443608,0.299225828708705
12_P_mc024,12,0.01572112098427888,0.01572112098427888,0.26756905648861523
12_P_mc025,12,0.03349282296650718,0.03349282296650718,0.3011034150569767
12_P_mc026,12,0.03007518796992481,0.03007518796992481,0.3685092169515607
12_P_mc027,12,0.020505809979494194,0.02050580997949419,0.18180766371092932
12_P_mc028,12,0.02118933697881066,0.021189336978810664,0.37968161977695447
12_P_mc029,12,0.019138755980861247,0.019138755980861243,0.24270881646665382
12_P_mc030,12,0.0177717019822283,0.0177717019822283,0.19944341416722378
12_P_mc031,12,0.021189336978810664,0.021189336978810664,0.23623671885157624
12_P_mc032,12,0.01982228298017772,0.019822282980177717,0.2576000603165935
12_P_mc033,12,0.007518796992481203,0.007518796992481203,0.08768815270393891
12_P_mc034,12,0.02050580997949419,0.02050580997949419,0.39516723808408855
12_P_mc035,12,0.010936431989063569,0.010936431989063569,0.09978102636282185
12_P_mc036,12,0.01845522898154477,0.01845522898154477,0.2473568622320173
12_P_mc037,12,0.03349282296650717,0.03349282296650718,0.4695791790978262
12_P_mc038,12,0.02460697197539303,0.02460697197539303,0.29644786491434877
12_P_mc039,12,0.032125768967874224,0.03212576896787423,0.31810463065683026
12_P_mc040,12,0.02529049897470949,0.025290498974709502,0.41944147284594335
12_P_mc041,12,0.02665755297334245,0.026657552973342446,0.3254599230873204
12_P_mc042,12,0.017088174982911826,0.017088174982911826,0.18239421913824083
12_P_mc043,12,0.0177717019822283,0.0177717019822283,0.2121848653509753
12_P_mc044,12,0.017088174982911826,0.017088174982911826,0.151100095062939
12_P_mc045,12,0.012987012987012988,0.012987012987012988,0.18423554738139203
12_P_mc046,12,0.029391660970608333,0.02939166097060834,0.2905552355132032
12_P_mc047,12,0.0177717019822283,0.0177717019822283,0.1983687759063282
12_P_mc048,12,0.0252904989747095,0.025290498974709502,0.3048040999659704
13_P_mc000,13,0.007730786721236926,0.007730786721236926,0.1080375926841176
13_P_mc001,13,0.004547521600727604,0.004547521600727604,0.06253796969027745
13_P_mc002,13,0.04092769440654842,0.040927694406548434,0.5494052690704401
13_P_mc003,13,0.027739881764438385,0.02773988176443838,0.30779201061163286
13_P_mc004,13,0.019554342883128698,0.019554342883128694,0.18118957907320143
13_P_mc005,13,0.004547521600727604,0.004547521600727604,0.07978780335770871
13_P_mc006,13,0.009549795361527967,0.009549795361527967,0.1196064411687623
13_P_mc007,13,0.014552069122328332,0.01455206912232833,0.16047710112934555
13_P_mc008,13,0.017735334242837665,0.017735334242837655,0.30749842264712535
13_P_mc009,13,0.01955434288312869,0.019554342883128694,0.21235541555673632
13_P_mc010,13,0.01136880400181901,0.011368804001819008,0.113223893658251
13_P_mc011,13,0.01773533424283766,0.017735334242837655,0.1609666590892097
13_P_mc012,13,0.007730786721236926,0.007730786721236926,0.08215521925187969
13_P_mc013,13,0.0068212824010914054,0.0068212824010914054,0.08154113342999403
13_P_mc014,13,0.013642564802182813,0.013642564802182811,0.17364646452842208
13_P_mc015,13,0.027285129604365625,0.027285129604365622,0.17101379515126683
13_P_mc016,13,0.01182355616189177,0.01182355616189177,0.24410542489854747
13_P_mc017,13,0.01136880400181901,0.011368804001819008,0.12351288240096363
13_P_mc018,13,0.014097316962255566,0.01409731696225557,0.26155517735415534
13_P_mc019,13,0.0031832651205093224,0.0031832651205093224,0.03922158949220618
13_P_mc020,13,0.019099590723055934,0.019099590723055934,0.13746474184566448
13_P_mc021,13,0.010004547521600727,0.010004547521600727,0.14499782224735713
13_P_mc022,13,0.02592087312414734,0.02592087312414734,0.2108728019226675
13_P_mc023,13,0.01273306048203729,0.01273306048203729,0.110270972514619
13_P_mc024,13,0.015461573442473852,0.015461573442473852,0.1264725752778537
13_P_mc025,13,0.01682582992269213,0.01682582992269213,0.10829572710074352
13_P_mc026,13,0.017735334242837665,0.017735334242837655,0.19567196869509632
13_P_mc027,13,0.0068212824010914054,0.0068212824010914054,0.10314032906393236
13_P_mc028,13,0.01637107776261938,0.01637107776261937,0.20348240783060587
13_P_mc029,13,0.01637107776261938,0.01637107776261937,0.14718088464331905
13_P_mc030,13,0.010914051841746247,0.010914051841746248,0.13413664766984074
13_P_mc031,13,0.01045929968167349,0.010459299681673489,0.1353483779457452
13_P_mc032,13,0.024556616643929056,0.02455661664392906,0.29711323144729007
13_P_mc033,13,0.019554342883128694,0.019554342883128694,0.19469852342813715
13_P_mc034,13,0.01091405184174625,0.010914051841746248,0.3033109872972337
13_P_mc035,13,0.01182355616189177,0.01182355616189177,0.15884725328459187
13_P_mc036,13,0.014552069122328329,0.01455206912232833,0.14147111630787554
13_P_mc037,13,0.015006821282401092,0.015006821282401092,0.1368187734744521
13_P_mc038,13,0.01273306048203729,0.01273306048203729,0.106898913005662
13_P_mc039,13,0.009095043201455207,0.009095043201455207,0.12072268949496136
13_P_mc040,13,0.010004547521600727,0.010004547521600727,0.09842460991546337
13_P_mc041,13,0.01091405184174625,0.010914051841746248,0.14788333678413398
13_P_mc042,13,0.006366530241018645,0.006366530241018645,0.10148373219720515
13_P_mc043,13,0.005911778080945885,0.005911778080945885,0.07226313341449668
13_P_mc044,13,0.019099590723055934,0.019099590723055934,0.15092532420720872
13_P_mc045,13,0.011823556161891772,0.01182355616189177,0.17694129026171507
13_P_mc046,13,0.023192360163710776,0.023192360163710776,0.35711718139882065
13_P_mc047,13,0.01318781264211005,0.01318781264211005,0.06519483663397914
13_P_mc048,13,0.010004547521600725,0.010004547521600727,0.09611303956562318
13_P_mc049,13,0.015916325602546612,0.015916325602546612,0.17125387926523436
13_P_mc050,13,0.010914051841746248,0.010914051841746248,0.10192624465662926
13_P_mc051,13,0.007730786721236926,0.007730786721236926,0.1574570488661094
13_P_mc052,13,0.007276034561164165,0.007276034561164165,0.10298214444166905
13_P_mc053,13,0.01091405184174625,0.010914051841746248,0.37618283878539616
13_P_mc054,13,0.012278308321964526,0.01227830832196453,0.09346923522593328
13_P_mc055,13,0.007276034561164165,0.007276034561164165,0.1251401165866322
13_P_mc056,13,0.005457025920873124,0.005457025920873124,0.03018079977328948
13_P_mc057,13,0.014097316962255572,0.01409731696225557,0.13791590554837624
13_P_mc058,13,0.01227830832196453,0.01227830832196453,0.11312811032408283
13_P_mc059,13,0.016825829922692128,0.01682582992269213,0.250244223135565
13_P_mc060,13,0.009095043201455207,0.009095043201455207,0.07834253228415573
13_P_mc061,13,0.012278308321964535,0.01227830832196453,0.139415085459229
13_P_mc062,13,0.013187812642110056,0.01318781264211005,0.1240590965897992
13_P_mc063,13,0.012278308321964526,0.01227830832196453,0.23866694494394672
13_P_mc064,13,0.014097316962255567,0.01409731696225557,0.23929760568156894
13_P_mc065,13,0.01182355616189177,0.01182355616189177,0.12448102219468103
13_P_mc066,13,0.015461573442473855,0.015461573442473852,0.2097688301380536
13_P_mc067,13,0.017735334242837658,0.017735334242837655,0.12308220802973784
13_P_mc068,13,0.016371077762619382,0.01637107776261937,0.14899998136307185
13_P_mc069,13,0.020918599363346977,0.020918599363346977,0.15747629133712743
13_P_mc070,13,0.014552069122328329,0.01455206912232833,0.1562475331550574
13_P_mc071,13,0.006366530241018645,0.006366530241018645,0.08560101445814985
13_P_mc072,13,0.015916325602546612,0.015916325602546612,0.35175657141676675
14_P_mc000,14,0.0042435123225069375,0.004243512322506937,0.03893892522397147
14_P_mc001,14,0.003427452260486372,0.0034274522604863717,0.06268921543170156
14_P_mc002,14,0.005385996409335727,0.005385996409335727,0.06216519843552779
14_P_mc003,14,0.006365268483760404,0.0063652684837604044,0.08820678107771947
14_P_mc004,14,0.004406724334911049,0.004406724334911049,0.08119623731376475
14_P_mc005,14,0.006691692508568631,0.006691692508568631,0.0799092895756283
14_P_mc006,14,0.009139872694630322,0.009139872694630324,0.1379562410673937
14_P_mc007,14,0.003101028235678146,0.003101028235678146,0.029852875336603347
14_P_mc008,14,0.00832381263260976,0.00832381263260976,0.11390282527146879
14_P_mc009,14,0.0016321201240411295,0.0016321201240411295,0.04749272899826015
14_P_mc010,14,0.008976660682226207,0.008976660682226212,0.08941985620717817
14_P_mc011,14,0.00718132854578097,0.00718132854578097,0.11410782311273471
14_P_mc012,14,0.008976660682226212,0.008976660682226212,0.10992831281392634
14_P_mc013,14,0.00783417659539742,0.00783417659539742,0.17842181256453485
14_P_mc014,14,0.0009792720744246776,0.0009792720744246776,0.028660096823962096
14_P_mc015,14,0.009303084707034438,0.009303084707034438,0.09041170984730591
14_P_mc016,14,0.002937816223274033,0.002937816223274033,0.03337686568968758
14_P_mc017,14,0.0013056960992329036,0.0013056960992329036,0.026481874429339004
14_P_mc018,14,0.001958544148849355,0.001958544148849355,0.0240455144544614
14_P_mc019,14,0.004080300310102824,0.004080300310102824,0.05742254605044024
14_P_mc020,14,0.006365268483760401,0.0063652684837604044,0.10109821076537216
14_P_mc021,14,0.002448180186061694,0.002448180186061694,0.0495640163005077
14_P_mc022,14,0.009139872694630324,0.009139872694630324,0.09216183353460745
14_P_mc023,14,0.008976660682226212,0.008976660682226212,0.11728220971986045
14_P_mc024,14,0.0008160600620205648,0.0008160600620205648,0.016488684980315485
14_P_mc025,14,0.003590664272890485,0.003590664272890485,0.02882564817412599
14_P_mc026,14,0.0026113921984657787,0.0026113921984658073,0.0698860955687521
14_P_mc027,14,0.003753876285294598,0.0037538762852945976,0.07599667158486671
14_P_mc028,14,0.013056960992329036,0.013056960992329036,0.13904166036789717
14_P_mc029,14,0.0021217561612534683,0.0021217561612534683,0.03021218140513368
14_P_mc030,14,0.002937816223274033,0.002937816223274033,0.056395243364313945
14_P_mc031,14,0.00391708829769871,0.00391708829769871,0.06950808163233274
14_P_mc032,14,0.007997388607801534,0.007997388607801534,0.08843063412787852
14_P_mc033,14,0.0073445405581850825,0.0073445405581850825,0.09586238647912641
14_P_mc034,14,0.003101028235678146,0.003101028235678146,0.02602391807473744
14_P_mc035,14,0.0006528480496164518,0.0006528480496164518,0.009870694167981031
14_P_mc036,14,0.010119144769055004,0.010119144769055002,0.15307547227289864
14_P_mc037,14,0.005875632446548066,0.005875632446548066,0.06309202216631207
14_P_mc038,14,0.0009792720744246776,0.0009792720744246776,0.01587351385195181
14_P_mc039,14,0.009955932756650892,0.00995593275665089,0.11482954069574998
14_P_mc040,14,0.0073445405581850825,0.0073445405581850825,0.08455870075624049
14_P_mc041,14,0.003101028235678146,0.003101028235678146,0.044109592366588936
14_P_mc042,14,0.008487024645013873,0.008487024645013873,0.05643085121061347
14_P_mc043,14,0.005222784396931614,0.005222784396931615,0.09776415115081483
14_P_mc044,14,0.006854904520972744,0.0068549045209727434,0.1196460146367653
14_P_mc045,14,0.00946629671943855,0.009466296719438551,0.11898878227661965
14_P_mc046,14,0.005222784396931615,0.005222784396931615,0.05135551134388997
14_P_mc047,14,0.003264240248082259,0.003264240248082259,0.05490324626435481
14_P_mc048,14,0.00277460421086992,0.00277460421086992,0.04626363329015166
14_P_mc049,14,0.005712420434143951,0.005712420434143953,0.06215707488258323
14_P_mc050,14,0.005712420434143953,0.005712420434143953,0.03939561752244583
14_P_mc051,14,0.002611392198465807,0.0026113921984658073,0.03735062654550845
14_P_mc052,14,0.007670964582993308,0.007670964582993308,0.14433104307364325
14_P_mc053,14,0.0011424840868287905,0.0011424840868287905,0.015138841304628002
14_P_mc054,14,0.001958544148849355,0.001958544148849355,0.04056850165083799
14_P_mc055,14,0.001958544148849355,0.001958544148849355,0.022402917826605893
14_P_mc056,14,0.002937816223274033,0.002937816223274033,0.051800722772337666
14_P_mc057,14,0.004733148359719276,0.004733148359719276,0.03479079447737166
14_P_mc058,14,0.006691692508568631,0.006691692508568631,0.12111261660950216
14_P_mc059,14,0.005222784396931615,0.005222784396931615,0.04771229117040988
14_P_mc060,14,0.008487024645013873,0.008487024645013873,0.11532189487486688
14_P_mc061,14,0.0009792720744246776,0.0009792720744246776,0.012690590940091583
14_P_mc062,14,0.010282356781459119,0.010282356781459116,0.21594503370819465
14_P_mc063,14,0.0016321201240411295,0.0016321201240411295,0.030692428241755516
14_P_mc064,14,0.0004896360372123388,0.0004896360372123388,0.011076602443670107
14_P_mc065,14,0.0066916925085686325,0.006691692508568631,0.07276467126030443
14_P_mc066,14,0.004896360372123388,0.004896360372123388,0.05561851762850806
14_P_mc067,14,0.0016321201240411295,0.0016321201240411295,0.039856567709937875
14_P_mc068,14,0.007670964582993309,0.007670964582993308,0.10700024434115203
14_P_mc069,14,0.0004896360372123388,0.0004896360372123388,0.00964156223972619
14_P_mc070,14,0.0021217561612534683,0.0021217561612534683,0.02894204857094205
14_P_mc071,14,0.001958544148849355,0.001958544148849355,0.023360535419021316
14_P_mc072,14,0.007670964582993308,0.007670964582993308,0.11006261973659343
14_P_mc073,14,0.004406724334911049,0.004406724334911049,0.07544057990199203
14_P_mc074,14,0.002448180186061694,0.002448180186061694,0.03395018742628083
14_P_mc075,14,0.011751264893096133,0.011751264893096133,0.12976707502541016
14_P_mc076,14,0.0013056960992329036,0.0013056960992329036,0.030471698781095125
14_P_mc077,14,0.005385996409335727,0.005385996409335727,0.09296132084396558
14_P_mc078,14,0.007018116533376856,0.007018116533376856,0.08506631906751291
14_P_mc079,14,0.006528480496164518,0.006528480496164518,0.05822567089193056
14_P_mc080,14,0.007997388607801536,0.007997388607801534,0.10753796390634832
14_P_mc081,14,0.0034274522604863717,0.0034274522604863717,0.031046673428125348
14_P_mc082,14,0.010771992818671455,0.010771992818671455,0.10479486736595711
14_P_mc083,14,0.007507752570589196,0.007507752570589195,0.0927892347172415
14_P_mc084,14,0.001958544148849355,0.001958544148849355,0.0349096514241711
14_P_mc085,14,0.003101028235678146,0.003101028235678146,0.026207026923343858
14_P_mc086,14,0.0062020564713562935,0.006202056471356292,0.05773333929437497
14_P_mc087,14,0.005059572384527501,0.005059572384527501,0.05481902890192187
14_P_mc088,14,0.00016321201240411296,0.00016321201240411296,0.0028814572202244286
14_P_mc089,14,0.005549208421739839,0.00554920842173984,0.0782585431149135
14_P_mc090,14,0.004406724334911049,0.004406724334911049,0.05313890425714639
14_P_mc091,14,0.006854904520972744,0.0068549045209727434,0.11687277962559353
14_P_mc092,14,0.004080300310102824,0.004080300310102824,0.10715853233499469
14_P_mc093,14,0.012077688917904356,0.012077688917904358,0.1333480507986523
14_P_mc094,14,0.004406724334911049,0.004406724334911049,0.08425110268001203
14_P_mc095,14,0.0003264240248082259,0.0003264240248082259,0.009346085512161009
14_P_mc096,14,0.007018116533376856,0.007018116533376856,0.09518592827396002
14_P_mc097,14,0.005875632446548065,0.005875632446548066,0.07934175277796744
14_P_mc098,14,0.0011424840868287905,0.0011424840868287905,0.010322167422440319
14_P_mc099,14,0.0026113921984658077,0.0026113921984658073,0.04067494279291448
14_P_mc100,14,0.00277460421086992,0.00277460421086992,0.048546166612980106
14_P_mc101,14,0.003590664272890485,0.003590664272890485,0.07987655032722428
14_P_mc102,14,0.0053859964093357264,0.005385996409335727,0.07431856294598539
14_P_mc103,14,0.010119144769055004,0.010119144769055002,0.16780145133720067
14_P_mc104,14,0.006038844458952179,0.006038844458952179,0.06952416740952616
14_P_mc105,14,0.005712420434143953,0.005712420434143953,0.07332774860423998
14_P_mc106,14,0.0016321201240411295,0.0016321201240411295,0.03803915351919538
14_P_mc107,14,0.004896360372123388,0.004896360372123388,0.054347075587688386
14_P_mc108,14,0.007670964582993307,0.007670964582993308,0.13414805399356744
14_P_mc109,14,0.0017953321364452424,0.0017953321364452424,0.03447854402244552
14_P_mc110,14,0.0016321201240411295,0.0016321201240411295,0.03837045093030514
14_P_mc111,14,0.007018116533376856,0.007018116533376856,0.09739186507969466
14_P_mc112,14,0.006691692508568631,0.006691692508568631,0.07495716777237202
14_P_mc113,14,0.0026113921984658073,0.0026113921984658073,0.025142391126984444
14_P_mc114,14,0.004569936347315162,0.004569936347315162,0.09760870289582642
14_P_mc115,14,0.006038844458952179,0.006038844458952179,0.06700920406836196
14_P_mc116,14,0.012893748979924922,0.012893748979924922,0.2423253724998549
14_P_mc117,14,0.0032642402480822586,0.003264240248082259,0.043257458057289075
14_P_mc118,14,0.00440672433491105,0.004406724334911049,0.06887929831844425
14_P_mc119,14,0.00016321201240411296,0.00016321201240411296,0.004997054960979076
14_P_mc120,14,0.006038844458952178,0.006038844458952179,0.09381738088387803
14_P_mc121,14,0.00016321201240411296,0.00016321201240411296,0.0036095919262280913
14_P_mc122,14,0.004080300310102824,0.004080300310102824,0.04342302726750629
14_P_mc123,14,0.004733148359719276,0.004733148359719276,0.07267218007005326
14_P_mc124,14,0.0073445405581850825,0.0073445405581850825,0.09137733184136393
14_P_mc125,14,0.004733148359719276,0.004733148359719276,0.035653045161419844
14_P_mc126,14,0.009139872694630326,0.009139872694630324,0.1321527503291881
14_P_mc127,14,0.002448180186061694,0.002448180186061694,0.03173821221971615
14_P_mc128,14,0.010608780806267341,0.010608780806267341,0.11305406068079468
14_P_mc129,14,0.008976660682226212,0.008976660682226212,0.14151825187307138
14_P_mc130,14,0.0009792720744246776,0.0009792720744246776,0.019498019014700513
14_P_mc131,14,0.006202056471356293,0.006202056471356292,0.0983851221840305
14_P_mc132,14,0.006038844458952178,0.006038844458952179,0.07769065306984371
14_P_mc133,14,0.0052227843969316155,0.005222784396931615,0.05899010828013966
14_P_mc134,14,0.0017953321364452424,0.0017953321364452424,0.035401669776065736
14_P_mc135,14,0.007344540558185082,0.0073445405581850825,0.08807730637078595
14_P_mc136,14,0.002448180186061694,0.002448180186061694,0.02575981257475062
14_P_mc137,14,0.005712420434143953,0.005712420434143953,0.06476190254274669
14_P_mc138,14,0.009792720744246777,0.009792720744246777,0.1131472186677594
14_P_mc139,14,0.0003264240248082259,0.0003264240248082259,0.005558104460173801
14_P_mc140,14,0.009955932756650887,0.00995593275665089,0.11316972879826415
14_P_mc141,14,0.003590664272890485,0.003590664272890485,0.04268067937881656
14_P_mc142,14,0.009955932756650892,0.00995593275665089,0.10721616617905286
14_P_mc143,14,0.0013056960992329036,0.0013056960992329036,0.01763930919642739
14_P_mc144,14,0.006691692508568631,0.006691692508568631,0.0910982670017939
14_P_mc145,14,0.01060878080626734,0.010608780806267341,0.14933508875033846
14_P_mc146,14,0.007507752570589194,0.007507752570589195,0.08224678737508004
14_P_mc147,14,0.010608780806267341,0.010608780806267341,0.21558513163627138
14_P_mc148,14,0.00718132854578097,0.00718132854578097,0.08206410115076801
14_P_mc149,14,0.002284968173657581,0.002284968173657581,0.017205709362429412
14_P_mc150,14,0.005059572384527501,0.005059572384527501,0.03904348694814514
14_P_mc151,14,0.0004896360372123388,0.0004896360372123388,0.009978605142707481
14_P_mc152,14,0.006691692508568631,0.006691692508568631,0.08550862144499179
14_P_mc153,14,0.00277460421086992,0.00277460421086992,0.020734718254850522
14_P_mc154,14,0.006691692508568631,0.006691692508568631,0.11962681335667692
14_P_mc155,14,0.0016321201240411295,0.0016321201240411295,0.029055806345555105
14_P_mc156,14,0.00016321201240411296,0.00016321201240411296,0.005389153603315708
14_P_mc157,14,0.0003264240248082259,0.0003264240248082259,0.007895134428923882
14_P_mc158,14,0.008487024645013871,0.008487024645013873,0.08777095670960466
14_P_mc159,14,0.0004896360372123388,0.0004896360372123388,0.009176384148654767
14_P_mc160,14,0.010282356781459116,0.010282356781459116,0.12939605882445454
14_P_mc161,14,0.0009792720744246776,0.0009792720744246776,0.014429156224609246
14_P_mc162,14,0.007997388607801532,0.007997388607801534,0.08059433834662919
14_P_mc163,14,0.00016321201240411296,0.00016321201240411296,0.002197769557905895
14_P_mc164,14,0.004406724334911049,0.004406724334911049,0.039859974360779
14_P_mc165,14,0.0017953321364452424,0.0017953321364452424,0.03068533912257451
14_P_mc166,14,0.007670964582993308,0.007670964582993308,0.11505952523331259
14_P_mc167,14,0.004733148359719275,0.004733148359719276,0.09811774408818245
14_P_mc168,14,0.0026113921984658064,0.0026113921984658073,0.03917288721741986
14_P_mc169,14,0.004406724334911049,0.004406724334911049,0.03527246557933701
14_P_mc170,14,0.00718132854578097,0.00718132854578097,0.08453875527699159
14_P_mc171,14,0.0003264240248082259,0.0003264240248082259,0.007428876098447024
14_P_mc172,14,0.007344540558185082,0.0073445405581850825,0.14121525735106097
14_P_mc173,14,0.004080300310102824,0.004080300310102824,0.07065969226198406
14_P_mc174,14,0.0008160600620205648,0.0008160600620205648,0.012878606668534251
14_P_mc175,14,0.0013056960992329036,0.0013056960992329036,0.01686531642127698
14_P_mc176,14,0.004896360372123388,0.004896360372123388,0.04201720749880548
14_P_mc177,14,0.009139872694630324,0.009139872694630324,0.11981178813894369
14_P_mc178,14,0.0003264240248082259,0.0003264240248082259,0.006571149983751068
14_P_mc179,14,0.0037538762852945976,0.0037538762852945976,0.05375720595017699
14_P_mc180,14,0.0003264240248082259,0.0003264240248082259,0.006153625899787755
14_P_mc181,14,0.0021217561612534683,0.0021217561612534683,0.02383254479296962
14_P_mc182,14,0.003590664272890485,0.003590664272890485,0.0828825138416731
14_P_mc183,14,0.004080300310102824,0.004080300310102824,0.03417109377463976
14_P_mc184,14,0.003590664272890485,0.003590664272890485,0.074191119777377
14_P_mc185,14,0.0021217561612534683,0.0021217561612534683,0.02358284878892245
14_P_mc186,14,0.00391708829769871,0.00391708829769871,0.04240950099057209
14_P_mc187,14,0.00016321201240411296,0.00016321201240411296,0.002251057949862472
14_P_mc188,14,0.0073445405581850825,0.0073445405581850825,0.08239840312021691
14_P_mc189,14,0.00554920842173984,0.00554920842173984,0.05993494530947848
14_P_mc190,14,0.004243512322506936,0.004243512322506937,0.06866560954051702
14_P_mc191,14,0.0026113921984658077,0.0026113921984658073,0.05014695623457688
14_P_mc192,14,0.004080300310102824,0.004080300310102824,0.05812399957851176
14_P_mc193,14,0.005222784396931614,0.005222784396931615,0.10495534762907587
14_P_mc194,14,0.0042435123225069375,0.004243512322506937,0.03607740682735321
14_P_mc195,14,0.005549208421739839,0.00554920842173984,0.0773165440591552
14_P_mc196,14,0.001958544148849355,0.001958544148849355,0.040303211531505456
14_P_mc197,14,0.005059572384527501,0.005059572384527501,0.07789105131586088
14_P_mc198,14,0.0068549045209727434,0.0068549045209727434,0.1399782915874052
14_P_mc199,14,0.00783417659539742,0.00783417659539742,0.08336883486154502
14_P_mc200,14,0.007997388607801534,0.007997388607801534,0.09737835916880827
14_P_mc201,14,0.0037538762852945976,0.0037538762852945976,0.0435670880486838
14_P_mc202,14,0.00718132854578097,0.00718132854578097,0.08337485146557659
14_P_mc203,14,0.006365268483760405,0.0063652684837604044,0.08705489323623333
19_P_mc000,19,0.0486815415821501,0.0486815415821501,0.6253718213875751
19_P_mc001,19,0.07707910750507099,0.07707910750507099,1.1058177442470558
19_P_mc002,19,0.08113590263691683,0.08113590263691683,0.7837409767685583
19_P_mc003,19,0.034482758620689655,0.034482758620689655,0.4525310884718734
19_P_mc004,19,0.06896551724137931,0.06896551724137931,1.7070107518434026
19_P_mc005,19,0.05476673427991886,0.05476673427991886,0.8719711138900936
19_P_mc006,19,0.018255578093306288,0.018255578093306288,0.44008777219552986
19_P_mc007,19,0.11156186612576065,0.11156186612576065,1.8994843088054583
19_P_mc008,19,0.056795131845841784,0.056795131845841784,0.7432991829006468
19_P_mc009,19,0.06490872210953347,0.06490872210953347,0.8033609736347297
19_P_mc010,19,0.07505070993914807,0.07505070993914807,1.3893442010478245
19_P_mc011,19,0.05476673427991886,0.05476673427991886,0.7593125529922631
19_P_mc012,19,0.07910750507099391,0.07910750507099391,1.0301260957917924
19_P_mc013,19,0.034482758620689655,0.034482758620689655,1.2126504939832836
19_P_mc014,19,0.060851926977687626,0.060851926977687626,0.7531887856046855
19_P_mc015,19,0.07910750507099391,0.07910750507099391,2.0195207248863385
20_P_mc000,20,0.007682119205298013,0.007682119205298013,0.07754619583474198
20_P_mc001,20,0.013774834437086093,0.013774834437086093,0.3398867275698561
20_P_mc002,20,0.003708609271523179,0.003708609271523179,0.03709854267810195
20_P_mc003,20,0.012450331125827815,0.012450331125827815,0.1412811089540294
20_P_mc004,20,0.0023841059602649007,0.0023841059602649007,0.06235529463364857
20_P_mc005,20,0.015629139072847686,0.015629139072847683,0.3128235101480102
20_P_mc006,20,0.01112582781456954,0.011125827814569536,0.19827170454171666
20_P_mc007,20,0.005562913907284768,0.005562913907284768,0.16103920140777975
20_P_mc008,20,0.015099337748344367,0.015099337748344372,0.30617283796270856
20_P_mc009,20,0.003443708609271523,0.003443708609271523,0.0587414997876487
20_P_mc010,20,0.00423841059602649,0.00423841059602649,0.05721539891407169
20_P_mc011,20,0.004503311258278146,0.004503311258278146,0.04276684343484638
20_P_mc012,20,0.005033112582781457,0.005033112582781457,0.08192256161972303
20_P_mc013,20,0.0026490066225165563,0.0026490066225165563,0.07314983376716876
20_P_mc014,20,0.003973509933774834,0.003973509933774834,0.09035665225793613
20_P_mc015,20,0.01562913907284768,0.015629139072847683,0.3431970391328825
20_P_mc016,20,0.014304635761589402,0.014304635761589404,0.30614841044134444
20_P_mc017,20,0.012980132450331125,0.012980132450331127,0.13545559140417704
20_P_mc018,20,0.004503311258278146,0.004503311258278146,0.07964325301802892
20_P_mc019,20,0.008211920529801325,0.008211920529801325,0.12901881368981624
20_P_mc020,20,0.009006622516556293,0.009006622516556291,0.22347919933942248
20_P_mc021,20,0.003973509933774834,0.003973509933774834,0.04485841486918808
20_P_mc022,20,0.003443708609271523,0.003443708609271523,0.11026765718662473
20_P_mc023,20,0.009006622516556295,0.009006622516556291,0.18752654500056662
20_P_mc024,20,0.010066225165562912,0.010066225165562914,0.12900182241855995
20_P_mc025,20,0.004503311258278146,0.004503311258278146,0.11707694888120024
20_P_mc026,20,0.012450331125827817,0.012450331125827815,0.17077855779847792
20_P_mc027,20,0.006357615894039735,0.006357615894039735,0.10516965396988902
20_P_mc028,20,0.006887417218543046,0.006887417218543046,0.10898999431762514
20_P_mc029,20,0.004768211920529801,0.004768211920529801,0.04225354900713351
20_P_mc030,20,0.007682119205298013,0.007682119205298013,0.14441372721364548
20_P_mc031,20,0.011655629139072846,0.011655629139072848,0.27109899504403107
20_P_mc032,20,0.004768211920529801,0.004768211920529801,0.12303024734024652
20_P_mc033,20,0.005562913907284768,0.005562913907284768,0.10463356741866268
20_P_mc034,20,0.004768211920529801,0.004768211920529801,0.04931963210965985
20_P_mc035,20,0.009536423841059604,0.009536423841059603,0.11676235919429828
20_P_mc036,20,0.004768211920529801,0.004768211920529801,0.05554037068245333
20_P_mc037,20,0.007417218543046358,0.007417218543046358,0.11026307411947298
20_P_mc038,20,0.005033112582781415,0.005033112582781457,0.13728681959375472
20_P_mc039,20,0.004503311258278146,0.004503311258278146,0.07647935978688752
20_P_mc040,20,0.015629139072847686,0.015629139072847683,0.25967800842254624
20_P_mc041,20,0.011390728476821188,0.011390728476821193,0.17429807861641358
20_P_mc042,20,0.0031788079470198675,0.0031788079470198675,0.08301124882478962
20_P_mc043,20,0.00423841059602649,0.00423841059602649,0.08149554346621452
20_P_mc044,20,0.011125827814569533,0.011125827814569536,0.22533308615653305
20_P_mc045,20,0.003708609271523179,0.003708609271523179,0.06572169511790782
20_P_mc046,20,0.00423841059602649,0.00423841059602649,0.04714313742743285
20_P_mc047,20,0.004768211920529801,0.004768211920529801,0.1238498176280032
20_P_mc048,20,0.01271523178807947,0.01271523178807947,0.24501374779977977
20_P_mc049,20,0.008741721854304633,0.008741721854304637,0.22104621284231635
20_P_mc050,20,0.010860927152317883,0.010860927152317882,0.24757287942582232
20_P_mc051,20,0.01139072847682119,0.011390728476821193,0.17085337434550538
20_P_mc052,20,0.009536423841059604,0.009536423841059603,0.18447910981303478
20_P_mc053,20,0.002119205298013245,0.002119205298013245,0.03851604208735078
20_P_mc054,20,0.006357615894039735,0.006357615894039735,0.11833679237332367
20_P_mc055,20,0.017483443708609277,0.017483443708609273,0.30714233879311303
20_P_mc056,20,0.011125827814569536,0.011125827814569536,0.2871567252787923
20_P_mc057,20,0.011920529801324504,0.011920529801324504,0.11739376498958307
20_P_mc058,20,0.008741721854304637,0.008741721854304637,0.17405871479548332
20_P_mc059,20,0.013509933774834434,0.013509933774834438,0.3478685103837523
20_P_mc060,20,0.004768211920529801,0.004768211920529801,0.05483659701327897
20_P_mc061,20,0.003443708609271523,0.003443708609271523,0.10174643154364688
20_P_mc062,20,0.007947019867549669,0.007947019867549669,0.11196283539206792
20_P_mc063,20,0.003973509933774834,0.003973509933774834,0.07857805221846209
20_P_mc064,20,0.0185430463576159,0.018543046357615896,0.3613741417153699
20_P_mc065,20,0.005033112582781457,0.005033112582781457,0.10437400643446348
20_P_mc066,20,0.007947019867549669,0.007947019867549669,0.16609889272734507
20_P_mc067,20,0.002913907284768212,0.002913907284768212,0.056982346015720345
20_P_mc068,20,0.003443708609271523,0.003443708609271523,0.03333163860907841
20_P_mc069,20,0.014039735099337751,0.01403973509933775,0.2583721008218465
20_P_mc070,20,0.003443708609271523,0.003443708609271523,0.08910816158729187
20_P_mc071,20,0.006357615894039735,0.006357615894039735,0.07090065554067197
20_P_mc072,20,0.009536423841059606,0.009536423841059603,0.13716920778995106
20_P_mc073,20,0.00423841059602649,0.00423841059602649,0.08860659765399065
20_P_mc074,20,0.002119205298013245,0.002119205298013245,0.045693435418549394
20_P_mc075,20,0.005033112582781457,0.005033112582781457,0.06579485543431443
20_P_mc076,20,0.010066225165562912,0.010066225165562914,0.2199944566021471
20_P_mc077,20,0.007417218543046358,0.007417218543046358,0.11449143015921154
20_P_mc078,20,0.008476821192052978,0.00847682119205298,0.10399185426636158
20_P_mc079,20,0.010860927152317882,0.010860927152317882,0.25430909391395956
20_P_mc080,20,0.003973509933774834,0.003973509933774834,0.08927364883051185
20_P_mc081,20,0.005562913907284768,0.005562913907284768,0.1529395168991708
20_P_mc082,20,0.018543046357615896,0.018543046357615896,0.2048681555040912
20_P_mc083,20,0.007682119205298013,0.007682119205298013,0.09336227079148045
20_P_mc084,20,0.005033112582781457,0.005033112582781457,0.1029786300294354
20_P_mc085,20,0.007947019867549669,0.007947019867549669,0.2160484372131396
20_P_mc086,20,0.008741721854304638,0.008741721854304637,0.12194253656913483
20_P_mc087,20,0.012715231788079474,0.01271523178807947,0.25428795076968236
20_P_mc088,20,0.005827814569536424,0.005827814569536424,0.1406663860391888
20_P_mc089,20,0.003708609271523179,0.003708609271523179,0.05260336472897657
20_P_mc090,20,0.008741721854304637,0.008741721854304637,0.11918971375860048
20_P_mc091,20,0.004503311258278146,0.004503311258278146,0.1017818643554022
20_P_mc092,20,0.0060927152317880795,0.0060927152317880795,0.1497014440293696
20_P_mc093,20,0.005298013245033113,0.005298013245033113,0.13532055644855526
20_P_mc094,20,0.006357615894039735,0.006357615894039735,0.05984552597644716
20_P_mc095,20,0.009271523178807948,0.009271523178807948,0.14678807367868207
20_P_mc096,20,0.0026490066225165563,0.0026490066225165563,0.032009007782197896
20_P_mc097,20,0.005562913907284768,0.005562913907284768,0.07216236188098585
20_P_mc098,20,0.010066225165562912,0.010066225165562914,0.2321218166409305
20_P_mc099,20,0.009006622516556293,0.009006622516556291,0.10558126213420765
20_P_mc100,20,0.011920529801324502,0.011920529801324504,0.21734116371018808
20_P_mc101,20,0.011390728476821191,0.011390728476821193,0.23369875317817854
20_P_mc102,20,0.012980132450331132,0.012980132450331127,0.1517226152050765
20_P_mc103,20,0.002913907284768212,0.002913907284768212,0.04864796357083762
20_P_mc104,20,0.013509933774834438,0.013509933774834438,0.14123819821066125
20_P_mc105,20,0.010066225165562914,0.010066225165562914,0.17012627946217468
20_P_mc106,20,0.012715231788079472,0.01271523178807947,0.1266350001212081
20_P_mc107,20,0.004768211920529801,0.004768211920529801,0.07841666661878322
20_P_mc108,20,0.014569536423841054,0.01456953642384106,0.28989168002678695
20_P_mc109,20,0.003708609271523179,0.003708609271523179,0.09985068529559056
20_P_mc110,20,0.011125827814569536,0.011125827814569536,0.112876744948791
20_P_mc111,20,0.006622516556291391,0.006622516556291391,0.13169472358409975
20_P_mc112,20,0.00423841059602649,0.00423841059602649,0.11472144463546165
20_P_mc113,20,0.01642384105960265,0.01642384105960265,0.2480241503842755
20_P_mc114,20,0.0013245033112582781,0.0013245033112582781,0.015194687509845288
20_P_mc115,20,0.0060927152317880795,0.0060927152317880795,0.07955732423022314
20_P_mc116,20,0.008211920529801325,0.008211920529801325,0.10435462723323567
20_P_mc117,20,0.007682119205298013,0.007682119205298013,0.06627441399466202
20_P_mc118,20,0.009271523178807948,0.009271523178807948,0.1189275253383955
20_P_mc119,20,0.009801324503311257,0.00980132450331126,0.07222480003940093
20_P_mc120,20,0.005298013245033113,0.005298013245033113,0.06473194687216832
20_P_mc121,20,0.002913907284768212,0.002913907284768212,0.03693702114395785
20_P_mc122,20,0.011125827814569542,0.011125827814569536,0.12283586832650355
20_P_mc123,20,0.011125827814569535,0.011125827814569536,0.254294635304965
20_P_mc124,20,0.004768211920529801,0.004768211920529801,0.04891723699734339
20_P_mc125,20,0.01271523178807947,0.01271523178807947,0.13188595202033343
23_P_mc000,23,0.18562874251497002,0.18562874251497005,2.124141947690816
23_P_mc001,23,0.22155688622754488,0.2215568862275449,2.568937554770444
23_P_mc002,23,0.11976047904191615,0.11976047904191617,1.7536944702403023
23_P_mc003,23,0.14371257485029942,0.1437125748502994,2.9185407512786377
23_P_mc004,23,0.16167664670658685,0.16167664670658682,1.978567787866775
23_P_mc005,23,0.16766467065868265,0.16766467065868262,2.2228328285591665
26_P_mc000,26,0.10367892976588627,0.10367892976588629,1.1703690265709286
26_P_mc001,26,0.06020066889632107,0.06020066889632107,0.5206934212526767
26_P_mc002,26,0.1036789297658863,0.10367892976588629,0.840225421056464
26_P_mc003,26,0.12709030100334448,0.12709030100334448,1.1387449444510775
26_P_mc004,26,0.08361204013377926,0.08361204013377926,0.8970622857825115
26_P_mc005,26,0.10367892976588627,0.10367892976588629,1.0566737779006887
26_P_mc006,26,0.07357859531772576,0.07357859531772576,0.5478339214033836
26_P_mc007,26,0.06020066889632108,0.06020066889632107,1.1169894823987838
26_P_mc008,26,0.09030100334448161,0.0903010033444816,0.9564206342286956
26_P_mc009,26,0.19397993311036751,0.1939799331103679,2.079307182320927
27_P_mc000,27,0.0036486838676048996,0.0036486838676048996,0.04305247869763267
27_P_mc001,27,0.004430544696377378,0.004430544696377378,0.07913135722115101
27_P_mc002,27,0.004691164972634871,0.004691164972634871,0.08351953291046953
27_P_mc003,27,0.008079228563982278,0.008079228563982278,0.07715973280347492
27_P_mc004,27,0.016158457127964557,0.016158457127964557,0.25858693263932264
27_P_mc005,27,0.014334115194162105,0.014334115194162106,0.41926184613463147
27_P_mc006,27,0.008600469116497263,0.008600469116497263,0.1499678010526698
27_P_mc007,27,0.007818608287724784,0.007818608287724784,0.09873425484196635
27_P_mc008,27,0.00833984884023977,0.00833984884023977,0.0872861082496258
27_P_mc009,27,0.007557988011467292,0.007557988011467292,0.05977331943141988
27_P_mc010,27,0.004430544696377378,0.004430544696377378,0.036457361137395713
27_P_mc011,27,0.014334115194162103,0.014334115194162106,0.2568659956520546
27_P_mc012,27,0.00990357049778473,0.009903570497784727,0.15905972375864477
27_P_mc013,27,0.005994266353922335,0.005994266353922335,0.05741512156022475
27_P_mc014,27,0.008600469116497263,0.008600469116497263,0.05290998185963946
27_P_mc015,27,0.01641907740422205,0.01641907740422205,0.2853997532329912
27_P_mc016,27,0.004169924420119885,0.004169924420119885,0.045606978046928565
27_P_mc017,27,0.010685431326557204,0.010685431326557205,0.11871561584248547
27_P_mc018,27,0.013291634089132132,0.013291634089132134,0.20052586773242992
27_P_mc019,27,0.008600469116497263,0.008600469116497263,0.09707971668470035
27_P_mc020,27,0.003909304143862392,0.003909304143862392,0.07188102336853809
27_P_mc021,27,0.0036486838676048996,0.0036486838676048996,0.03808867386447632
27_P_mc022,27,0.005212405525149857,0.005212405525149857,0.0563612739341451
27_P_mc023,27,0.008079228563982277,0.008079228563982278,0.12605082174939286
27_P_mc024,27,0.007557988011467291,0.007557988011467292,0.0818603220837375
27_P_mc025,27,0.003388063591347407,0.003388063591347407,0.041778412823602736
27_P_mc026,27,0.004691164972634871,0.004691164972634871,0.046450693790149454
27_P_mc027,27,0.01172791243158718,0.011727912431587178,0.1283185946831112
27_P_mc028,27,0.004951785248892363,0.0049517852488923635,0.05639959395082707
27_P_mc029,27,0.003909304143862392,0.003909304143862392,0.06343873145445561
27_P_mc030,27,0.016940317956737026,0.016940317956737033,0.26665430135888535
27_P_mc031,27,0.01381287464164712,0.01381287464164712,0.11981497307166475
27_P_mc032,27,0.009642950221527235,0.009642950221527235,0.0733482587402781
27_P_mc033,27,0.009121709669012249,0.009121709669012249,0.08052405677905393
27_P_mc034,27,0.006254886630179828,0.006254886630179828,0.0586894520492026
27_P_mc035,27,0.011206671879072188,0.011206671879072191,0.12192792566784395
27_P_mc036,27,0.007297367735209799,0.007297367735209799,0.08089977836097025
27_P_mc037,27,0.006776127182694815,0.006776127182694814,0.09807507475457371
27_P_mc038,27,0.004691164972634871,0.004691164972634871,0.07150520304382392
27_P_mc039,27,0.004691164972634871,0.004691164972634871,0.0725581995049149
27_P_mc040,27,0.010685431326557207,0.010685431326557205,0.1066262392833362
27_P_mc041,27,0.010946051602814701,0.0109460516028147,0.08159291342892658
27_P_mc042,27,0.009903570497784727,0.009903570497784727,0.10962651360164234
27_P_mc043,27,0.007297367735209798,0.007297367735209799,0.08765176079333721
27_P_mc044,27,0.006776127182694814,0.006776127182694814,0.0861770237218091
27_P_mc045,27,0.010685431326557207,0.010685431326557205,0.15512234045660203
27_P_mc046,27,0.004691164972634871,0.004691164972634871,0.07024895450293893
27_P_mc047,27,0.010946051602814701,0.0109460516028147,0.09714979535896755
27_P_mc048,27,0.0109460516028147,0.0109460516028147,0.16389358879158883
27_P_mc049,27,0.008079228563982278,0.008079228563982278,0.14540482431301327
27_P_mc050,27,0.012770393536617148,0.012770393536617148,0.21328453336820521
27_P_mc051,27,0.0026062027625749283,0.0026062027625749283,0.03638480137894401
27_P_mc052,27,0.004430544696377378,0.004430544696377378,0.16542526154179418
27_P_mc053,27,0.007557988011467291,0.007557988011467292,0.0452943128852228
27_P_mc054,27,0.00833984884023977,0.00833984884023977,0.0819737759937436
27_P_mc055,27,0.005212405525149857,0.005212405525149857,0.044749010170464565
27_P_mc056,27,0.003909304143862392,0.003909304143862392,0.03753059780965272
27_P_mc057,27,0.01303101381287464,0.013031013812874642,0.49064885822764853
27_P_mc058,27,0.0023455824863174153,0.0023455824863174357,0.05241086173359827
27_P_mc059,27,0.014073494917904609,0.014073494917904612,0.26639830807360715
27_P_mc060,27,0.003388063591347407,0.003388063591347407,0.029374911474597146
27_P_mc061,27,0.015115976022934585,0.015115976022934585,0.09999916689743112
27_P_mc062,27,0.003909304143862392,0.003909304143862392,0.14813172968897118
27_P_mc063,27,0.004430544696377378,0.004430544696377378,0.06261921438356176
27_P_mc064,27,0.008861089392754757,0.008861089392754757,0.0931195846996958
27_P_mc065,27,0.004691164972634871,0.004691164972634871,0.08492393344170741
27_P_mc066,27,0.0018243419338024498,0.0018243419338024498,0.025293764952510126
27_P_mc067,27,0.009903570497784725,0.009903570497784727,0.10862188488328864
27_P_mc068,27,0.011988532707844668,0.01198853270784467,0.17196438742381687
27_P_mc069,27,0.004691164972634871,0.004691164972634871,0.04821682983034629
27_P_mc070,27,0.00547302580140735,0.00547302580140735,0.06451651142181748
27_P_mc071,27,0.009382329945269743,0.009382329945269743,0.07279330308499456
27_P_mc072,27,0.010424811050299715,0.010424811050299713,0.12450832287595123
27_P_mc073,27,0.010685431326557205,0.010685431326557205,0.11485669845088631
27_P_mc074,27,0.007818608287724786,0.007818608287724784,0.061683124583956944
27_P_mc075,27,0.008600469116497263,0.008600469116497263,0.1257122655179075
27_P_mc076,27,0.009382329945269743,0.009382329945269743,0.07394126846712167
27_P_mc077,27,0.006254886630179828,0.006254886630179828,0.08352803268680797
27_P_mc078,27,0.006515506906437321,0.006515506906437321,0.053091565865394194
27_P_mc079,27,0.00547302580140735,0.00547302580140735,0.0608841674134153
27_P_mc080,27,0.010424811050299708,0.010424811050299713,0.05778671655928288
27_P_mc081,27,0.010424811050299711,0.010424811050299713,0.13073631894867807
27_P_mc082,27,0.005212405525149857,0.005212405525149857,0.059130812875037915
27_P_mc083,27,0.012509773260359654,0.012509773260359656,0.14213153454752922
27_P_mc084,27,0.007557988011467293,0.007557988011467292,0.06813953444485668
27_P_mc085,27,0.009642950221527238,0.009642950221527235,0.13805071651007178
27_P_mc086,27,0.011467292155329687,0.011467292155329685,0.11445098451025108
27_P_mc087,27,0.0023455824863174357,0.0023455824863174357,0.038911595236842525
27_P_mc088,27,0.004430544696377378,0.004430544696377378,0.0743825619351075
27_P_mc089,27,0.01641907740422205,0.01641907740422205,0.20557101244194145
27_P_mc090,27,0.0023455824863174357,0.0023455824863174357,0.027509248320251634
27_P_mc091,27,0.009903570497784727,0.009903570497784727,0.12855041943693266
27_P_mc092,27,0.0026062027625749283,0.0026062027625749283,0.07800032881574318
27_P_mc093,27,0.005212405525149857,0.005212405525149857,0.09886994711184059
27_P_mc094,27,0.014073494917904612,0.014073494917904612,0.15622710311385368
27_P_mc095,27,0.0026062027625749283,0.0026062027625749283,0.036589625931767705
27_P_mc096,27,0.004691164972634871,0.004691164972634871,0.037234845602497096
27_P_mc097,27,0.008861089392754755,0.008861089392754757,0.07448489478054422
27_P_mc098,27,0.0049517852488923635,0.0049517852488923635,0.06041002346168556
27_P_mc099,27,0.003388063591347407,0.003388063591347407,0.049503576711713106
27_P_mc100,27,0.009642950221527237,0.009642950221527235,0.14143974770214246
27_P_mc101,27,0.008079228563982278,0.008079228563982278,0.08354307498529283
27_P_mc102,27,0.003127443315089914,0.003127443315089914,0.11719131471791841
27_P_mc103,27,0.0036486838676048996,0.0036486838676048996,0.137939144160455
27_P_mc104,27,0.01198853270784467,0.01198853270784467,0.19754455639860263
27_P_mc105,27,0.007036747458952306,0.007036747458952306,0.056987208512147024
27_P_mc106,27,0.011988532707844671,0.01198853270784467,0.1812950396930004
27_P_mc107,27,0.014594735470419597,0.014594735470419598,0.17932160725453486
27_P_mc108,27,0.014334115194162105,0.014334115194162106,0.21017447540835013
27_P_mc109,27,0.0028668230388324213,0.0028668230388324213,0.040344361145019665
27_P_mc110,27,0.003909304143862392,0.003909304143862392,0.04655133349143831
27_P_mc111,27,0.0049517852488923635,0.0049517852488923635,0.09023326186072501
27_P_mc112,27,0.006776127182694814,0.006776127182694814,0.09411516050440863
27_P_mc113,27,0.006254886630179828,0.006254886630179828,0.09392609553532179
27_P_mc114,27,0.001563721657544957,0.001563721657544957,0.027741549303677754
27_P_mc115,27,0.012770393536617144,0.012770393536617148,0.17932875333886092
27_P_mc116,27,0.003127443315089914,0.003127443315089914,0.03931422885229845
27_P_mc117,27,0.012509773260359654,0.012509773260359656,0.12199623590285727
27_P_mc118,27,0.005733646077664843,0.005733646077664843,0.06540743929512903
27_P_mc119,27,0.0026062027625749283,0.0026062027625749283,0.03288275386261001
27_P_mc120,27,0.006254886630179828,0.006254886630179828,0.08778170418964679
27_P_mc121,27,0.0018243419338024498,0.0018243419338024498,0.024932035941008714
27_P_mc122,27,0.008079228563982278,0.008079228563982278,0.06408241278197699
27_P_mc123,27,0.004951785248892362,0.0049517852488923635,0.0761614581084359
27_P_mc124,27,0.017461558509252028,0.01746155850925202,0.31251596881451016
27_P_mc125,27,0.008079228563982278,0.008079228563982278,0.056008268446469035
27_P_mc126,27,0.00547302580140735,0.00547302580140735,0.06982945800992296
27_P_mc127,27,0.009642950221527235,0.009642950221527235,0.07682755544777019
29_P_mc000,29,0.01192457016084304,0.01192457016084304,0.11948799020333226
29_P_mc001,29,0.010537992235163614,0.010537992235163616,0.14220576264651555
29_P_mc002,29,0.016638935108153077,0.016638935108153077,0.21005617667539456
29_P_mc003,29,0.004991680532445923,0.004991680532445923,0.04281473653155501
29_P_mc004,29,0.008596783139212423,0.008596783139212423,0.08133947923545204
29_P_mc005,29,0.01608430393788131,0.01608430393788131,0.15842039139562844
29_P_mc006,29,0.004159733777038269,0.004159733777038269,0.033443020736486744
29_P_mc007,29,0.0074875207986688855,0.0074875207986688855,0.07874680026787272
29_P_mc008,29,0.005268996117581808,0.005268996117581808,0.03684578214750656
29_P_mc009,29,0.004714364947310039,0.004714364947310039,0.035785709669076474
29_P_mc010,29,0.012201885745978924,0.012201885745978924,0.13731857700251363
29_P_mc011,29,0.015252357182473655,0.015252357182473655,0.1492528282597778
29_P_mc012,29,0.012756516916250696,0.012756516916250694,0.18505890168933553
29_P_mc013,29,0.013311148086522463,0.013311148086522463,0.14687519184888062
29_P_mc014,29,0.013865779256794233,0.013865779256794232,0.12637899244617562
29_P_mc015,29,0.008319467554076539,0.008319467554076539,0.09588483583521779
29_P_mc016,29,0.0036051026067665,0.0036051026067665,0.04688903126027854
29_P_mc017,29,0.006378258458125347,0.006378258458125347,0.037355129273829
29_P_mc018,29,0.014420410427066002,0.014420410427066,0.14035537692233543
29_P_mc019,29,0.010260676650027731,0.010260676650027731,0.10815763015370194
29_P_mc020,29,0.003882418191902385,0.003882418191902385,0.037917490153332074
29_P_mc021,29,0.008042151968940654,0.008042151968940654,0.06797892954961567
29_P_mc022,29,0.010260676650027731,0.010260676650027731,0.11414833491301477
29_P_mc023,29,0.0022185246810870773,0.0022185246810870773,0.021493448498130757
29_P_mc024,29,0.011647254575707155,0.011647254575707155,0.14025530166156835
29_P_mc025,29,0.010537992235163617,0.010537992235163616,0.1679588387801711
29_P_mc026,29,0.00970604547975596,0.009706045479755962,0.11526697494444915
29_P_mc027,29,0.013865779256794232,0.013865779256794232,0.14334314002314252
29_P_mc028,29,0.010815307820299502,0.010815307820299502,0.087959669261749
29_P_mc029,29,0.0066555740432612314,0.0066555740432612314,0.043853251185290335
29_P_mc030,29,0.008596783139212423,0.008596783139212423,0.09159041279955567
29_P_mc031,29,0.015252357182473652,0.015252357182473655,0.1658652601526256
29_P_mc032,29,0.00776483638380477,0.00776483638380477,0.08344252655021706
29_P_mc033,29,0.00887409872434831,0.00887409872434831,0.07639766628192451
29_P_mc034,29,0.00776483638380477,0.00776483638380477,0.07081953501284874
29_P_mc035,29,0.012479201331114811,0.012479201331114808,0.1669481006165972
29_P_mc036,29,0.005268996117581808,0.005268996117581808,0.052955888293267736
29_P_mc037,29,0.0024958402662229617,0.0024958402662229617,0.03370557256359072
29_P_mc038,29,0.006932889628397116,0.006932889628397116,0.06523995208061756
29_P_mc039,29,0.009706045479755962,0.009706045479755962,0.07558837915593239
29_P_mc040,29,0.009706045479755964,0.009706045479755962,0.11440335448425451
29_P_mc041,29,0.01386577925679423,0.013865779256794232,0.15787510782831146
29_P_mc042,29,0.00887409872434831,0.00887409872434831,0.09646946068466247
29_P_mc043,29,0.0022185246810870773,0.0022185246810870773,0.025642486831625004
29_P_mc044,29,0.009151414309484195,0.009151414309484194,0.12296301480692838
29_P_mc045,29,0.007210205213533,0.007210205213533,0.05437349958586987
29_P_mc046,29,0.003050471436494731,0.003050471436494731,0.03044079226650848
29_P_mc047,29,0.005268996117581808,0.005268996117581808,0.04996390984822883
29_P_mc048,29,0.011092623405435386,0.011092623405435386,0.11044321020877446
29_P_mc049,29,0.0027731558513588465,0.0027731558513588465,0.01711864479987572
29_P_mc050,29,0.008319467554076539,0.008319467554076539,0.10175357720518804
29_P_mc051,29,0.008319467554076539,0.008319467554076539,0.11744060065914988
29_P_mc052,29,0.01192457016084304,0.01192457016084304,0.15616594524166633
29_P_mc053,29,0.0036051026067665,0.0036051026067665,0.02884324744478196
29_P_mc054,29,0.01109262340543539,0.011092623405435386,0.16540030607591827
29_P_mc055,29,0.008319467554076539,0.008319467554076539,0.1341902047375524
29_P_mc056,29,0.006378258458125348,0.006378258458125347,0.09867924778140878
29_P_mc057,29,0.010815307820299502,0.010815307820299502,0.09811241084342343
29_P_mc058,29,0.008596783139212423,0.008596783139212423,0.06941850609843173
29_P_mc059,29,0.010260676650027733,0.010260676650027731,0.11984967570380571
29_P_mc060,29,0.012756516916250694,0.012756516916250694,0.10543117153361657
29_P_mc061,29,0.0019412090959511925,0.0019412090959511925,0.023429525988473945
29_P_mc062,29,0.0024958402662229617,0.0024958402662229617,0.01790362977290137
29_P_mc063,29,0.004437049362174155,0.004437049362174155,0.1338831921794884
29_P_mc064,29,0.004714364947310039,0.004714364947310039,0.05116606598838322
29_P_mc065,29,0.003882418191902385,0.003882418191902385,0.02482342640915694
29_P_mc066,29,0.0033277870216306157,0.0033277870216306157,0.024342529119447596
29_P_mc067,29,0.009983361064891847,0.009983361064891847,0.09597518001285991
29_P_mc068,29,0.01747088186356073,0.01747088186356073,0.22589953481737982
29_P_mc069,29,0.007210205213533001,0.007210205213533,0.09316078434419744
29_P_mc070,29,0.0033277870216306157,0.0033277870216306157,0.024916409676438975
29_P_mc071,29,0.013588463671658349,0.013588463671658347,0.13972624484464546
29_P_mc072,29,0.009983361064891847,0.009983361064891847,0.11958687068571125
29_P_mc073,29,0.004159733777038269,0.004159733777038269,0.06340551859967966
29_P_mc074,29,0.00887409872434831,0.00887409872434831,0.09880300506197144
29_P_mc075,29,0.009983361064891848,0.009983361064891847,0.08731239657069734
29_P_mc076,29,0.0033277870216306157,0.0033277870216306157,0.05011241376301414
29_P_mc077,29,0.0074875207986688855,0.0074875207986688855,0.0782976159108441
29_P_mc078,29,0.01247920133111481,0.012479201331114808,0.1311723494227963
29_P_mc079,29,0.006378258458125347,0.006378258458125347,0.06470230992596379
29_P_mc080,29,0.007210205213533,0.007210205213533,0.09761838260651955
29_P_mc081,29,0.005823627287853577,0.005823627287853577,0.06731176411163009
29_P_mc082,29,0.004437049362174155,0.004437049362174155,0.04989910763079827
29_P_mc083,29,0.00776483638380477,0.00776483638380477,0.12127843904838798
29_P_mc084,29,0.0024958402662229617,0.0024958402662229617,0.02427741095866737
29_P_mc085,29,0.004714364947310039,0.004714364947310039,0.039707909795369846
29_P_mc086,29,0.009151414309484194,0.009151414309484194,0.11353811333002396
29_P_mc087,29,0.013033832501386577,0.013033832501386578,0.11394891807796234
29_P_mc088,29,0.008596783139212423,0.008596783139212423,0.07511963029924451
29_P_mc089,29,0.006100942872989462,0.006100942872989462,0.050819498037124704
29_P_mc090,29,0.010537992235163616,0.010537992235163616,0.0911651080688847
29_P_mc091,29,0.0033277870216306157,0.0033277870216306157,0.031141055827348392
29_P_mc092,29,0.01608430393788131,0.01608430393788131,0.196993066098389
29_P_mc093,29,0.012756516916250694,0.012756516916250694,0.15045182326708043
29_P_mc094,29,0.0066555740432612314,0.0066555740432612314,0.084192714804101
29_P_mc095,29,0.010260676650027731,0.010260676650027731,0.1288446989499035
29_P_mc096,29,0.006932889628397116,0.006932889628397116,0.03809551105308001
29_P_mc097,29,0.004991680532445923,0.004991680532445923,0.04532082889608235
29_P_mc098,29,0.004991680532445923,0.004991680532445923,0.06855514632948599
29_P_mc099,29,0.004714364947310039,0.004714364947310039,0.030302388521059525
29_P_mc100,29,0.004437049362174155,0.004437049362174155,0.026338487797462614
29_P_mc101,29,0.003050471436494731,0.003050471436494731,0.03675926396428211
29_P_mc102,29,0.011092623405435384,0.011092623405435386,0.12385385080580956
29_P_mc103,29,0.010815307820299502,0.010815307820299502,0.07386394051313135
29_P_mc104,29,0.010815307820299502,0.010815307820299502,0.09582459850154514
29_P_mc105,29,0.006932889628397116,0.006932889628397116,0.07252702283686699
29_P_mc106,29,0.004159733777038269,0.004159733777038269,0.05978808729974689
29_P_mc107,29,0.008596783139212423,0.008596783139212423,0.04957261214963177
29_P_mc108,29,0.006932889628397116,0.006932889628397116,0.13168440410541388
29_P_mc109,29,0.009706045479755962,0.009706045479755962,0.07022644994528604
29_P_mc110,29,0.013865779256794233,0.013865779256794232,0.17181060309104693
29_P_mc111,29,0.011092623405435386,0.011092623405435386,0.10871981561040156
29_P_mc112,29,0.008596783139212423,0.008596783139212423,0.0507793351260138
29_P_mc113,29,0.009428729894620076,0.009428729894620078,0.13739099493564383
29_P_mc114,29,0.0036051026067665,0.0036051026067665,0.10216939020596164
29_P_mc115,29,0.0074875207986688855,0.0074875207986688855,0.10778621423100576
29_P_mc116,29,0.015252357182473648,0.015252357182473655,0.25222942744288834
29_P_mc117,29,0.006378258458125347,0.006378258458125347,0.04499242067350593
29_P_mc118,29,0.004991680532445923,0.004991680532445923,0.04044780235511969
29_P_mc119,29,0.009983361064891848,0.009983361064891847,0.08906456203162098
30_P_mc000,30,0.07322175732217573,0.07322175732217573,0.806620797359272
30_P_mc001,30,0.05857740585774057,0.058577405857740586,0.8237476363389337
30_P_mc002,30,0.04811715481171548,0.04811715481171548,0.48361913257963474
30_P_mc003,30,0.08995815899581588,0.0899581589958159,1.3735801966481338
30_P_mc004,30,0.058577405857740586,0.058577405857740586,0.5441560299511576
30_P_mc005,30,0.052301255230125535,0.05230125523012552,1.228296766256347
30_P_mc006,30,0.06903765690376569,0.06903765690376569,0.6142680230535766
30_P_mc007,30,0.07740585774058575,0.07740585774058577,0.8663625817668298
30_P_mc008,30,0.05439330543933055,0.05439330543933055,0.8189107807038061
30_P_mc009,30,0.07322175732217574,0.07322175732217573,0.7583811906483828
30_P_mc010,30,0.06485355648535562,0.06485355648535565,0.8864119714631699
30_P_mc011,30,0.05230125523012552,0.05230125523012552,0.7870483315067023
30_P_mc012,30,0.06694560669456066,0.06694560669456066,0.9490292101590947
30_P_mc013,30,0.05439330543933055,0.05439330543933055,0.6527371875311159
30_P_mc014,30,0.06485355648535565,0.06485355648535565,0.5860008146055363
30_P_mc015,30,0.04184100418410041,0.04184100418410042,0.412460086334694
31_P_mc000,31,0.014381591562799617,0.014381591562799617,0.31527882569919896
31_P_mc001,31,0.027804410354745922,0.027804410354745925,0.35717699517746976
31_P_mc002,31,0.031639501438159155,0.031639501438159155,0.37654095818824657
31_P_mc003,31,0.02205177372962608,0.02205177372962608,0.4139187710511281
31_P_mc004,31,0.026845637583892613,0.026845637583892617,0.16790419309194968
31_P_mc005,31,0.025886864813039312,0.02588686481303931,0.23206749824293643
31_P_mc006,31,0.03835091083413232,0.038350910834132314,0.5013672437357366
31_P_mc007,31,0.02684563758389262,0.026845637583892617,0.176690340968175
31_P_mc008,31,0.04218600191754554,0.04218600191754554,0.6779135554965319
31_P_mc009,31,0.03355704697986577,0.03355704697986577,0.4076087585187407
31_P_mc010,31,0.03451581975071909,0.03451581975071908,0.2511168584725535
31_P_mc011,31,0.02109300095877277,0.02109300095877277,0.20807874354070727
31_P_mc012,31,0.011505273250239693,0.011505273250239693,0.10229946133030565
31_P_mc013,31,0.014381591562799617,0.014381591562799617,0.1990130332841658
31_P_mc014,31,0.026845637583892613,0.026845637583892617,0.23932418871212002
31_P_mc015,31,0.028763183125599237,0.028763183125599234,0.37159771324703555
31_P_mc016,31,0.025886864813039305,0.02588686481303931,0.28652385247981194
31_P_mc017,31,0.025886864813039305,0.02588686481303931,0.2680875076533221
31_P_mc018,31,0.02684563758389262,0.026845637583892617,0.28309483701582583
31_P_mc019,31,0.033557046979865765,0.03355704697986577,0.46656035860364453
31_P_mc020,31,0.04122722914669223,0.04122722914669223,0.32321555511450833
31_P_mc021,31,0.03163950143815915,0.031639501438159155,0.4022148084401099
31_P_mc022,31,0.029721955896452542,0.029721955896452542,0.31952123722157355
31_P_mc023,31,0.028763183125599234,0.028763183125599234,0.6012827403174733
31_P_mc024,31,0.03355704697986577,0.03355704697986577,0.5564776186520711
31_P_mc025,31,0.03068072866730585,0.030680728667305847,0.3103645437891859
31_P_mc026,31,0.03259827420901247,0.032598274209012464,0.2701979987974644
31_P_mc027,31,0.026845637583892606,0.026845637583892617,0.29014413672852163
31_P_mc028,31,0.030680728667305843,0.030680728667305847,0.6495768827537565
31_P_mc029,31,0.02972195589645254,0.029721955896452542,0.3636856848636572
31_P_mc030,31,0.029721955896452545,0.029721955896452542,0.3665047687172659
31_P_mc031,31,0.03355704697986576,0.03355704697986577,0.48462153479679465
31_P_mc032,31,0.030680728667305847,0.030680728667305847,0.14166349342151907
31_P_mc033,31,0.030680728667305847,0.030680728667305847,0.4257475496508957
31_P_mc034,31,0.02109300095877277,0.02109300095877277,0.5310293680973514
32_P_mc000,32,0.010378057820607862,0.010378057820607857,0.09359636387265101
32_P_mc001,32,0.007042253521126763,0.007042253521126761,0.05774508322684511
32_P_mc002,32,0.01556708673091179,0.015567086730911787,0.15800892170260367
32_P_mc003,32,0.008154188287620462,0.00815418828762046,0.08807911291217137
32_P_mc004,32,0.010378057820607859,0.010378057820607857,0.14055955290437916
32_P_mc005,32,0.00630096367679763,0.006300963676797628,0.09133394258499845
32_P_mc006,32,0.021497405485544848,0.021497405485544848,0.18325053410035458
32_P_mc007,32,0.010007412898443289,0.01000741289844329,0.06923977391832974
32_P_mc008,32,0.022238695329873978,0.02223869532987398,0.3633214419966506
32_P_mc009,32,0.0018532246108228317,0.0018532246108228317,0.09138783306685813
32_P_mc010,32,0.01630837657524092,0.01630837657524092,0.18896953402584962
32_P_mc011,32,0.0029651593773165306,0.0029651593773165306,0.11554568907237031
32_P_mc012,32,0.005559673832468498,0.005559673832468495,0.07450670824261074
32_P_mc013,32,0.01074870274277243,0.010748702742772424,0.07131186614525933
32_P_mc014,32,0.011860637509266126,0.011860637509266123,0.11059743099109103
32_P_mc015,32,0.012972572275759823,0.012972572275759823,0.13949184010312674
32_P_mc016,32,0.019273535952557444,0.01927353595255745,0.2749443347762139
32_P_mc017,32,0.008154188287620458,0.00815418828762046,0.10663544688186138
32_P_mc018,32,0.009266123054114152,0.009266123054114159,0.10331477996273998
32_P_mc019,32,0.009266123054114157,0.009266123054114159,0.06131658397019601
32_P_mc020,32,0.021868050407709408,0.021868050407709415,0.1894383213785044
32_P_mc021,32,0.00704225352112676,0.007042253521126761,0.06438973329136298
32_P_mc022,32,0.006300963676797629,0.006300963676797628,0.08464580662644994
32_P_mc023,32,0.0059303187546330596,0.005930318754633061,0.08316907098977323
32_P_mc024,32,0.009266123054114159,0.009266123054114159,0.07885757721302379
32_P_mc025,32,0.007412898443291324,0.007412898443291327,0.12146838808334301
32_P_mc026,32,0.008895478131949592,0.008895478131949592,0.05895574678445095
32_P_mc027,32,0.007783543365455895,0.007783543365455893,0.10446086387631623
32_P_mc028,32,0.013343217197924381,0.013343217197924388,0.11742179859919939
32_P_mc029,32,0.010007412898443292,0.01000741289844329,0.08289434836236272
32_P_mc030,32,0.0055596738324684945,0.005559673832468495,0.055289932591452574
32_P_mc031,32,0.01890289103039288,0.018902891030392884,0.1833075536932685
32_P_mc032,32,0.008154188287620457,0.00815418828762046,0.10325524071848143
32_P_mc033,32,0.010007412898443289,0.01000741289844329,0.13099582137401075
32_P_mc034,32,0.008895478131949592,0.008895478131949592,0.04159348200872984
32_P_mc035,32,0.01927353595255745,0.01927353595255745,0.26774352512649935
32_P_mc036,32,0.01223128243143069,0.01223128243143069,0.09855423471820636
32_P_mc037,32,0.012972572275759825,0.012972572275759823,0.15844638564200347
32_P_mc038,32,0.013713862120088953,0.013713862120088955,0.12126325066184895
32_P_mc039,32,0.01890289103039289,0.018902891030392884,0.2663183004729167
32_P_mc040,32,0.02260934025203854,0.02260934025203855,0.27490461639806146
32_P_mc041,32,0.014455151964418085,0.014455151964418088,0.16518285827568907
32_P_mc042,32,0.007412898443291327,0.007412898443291327,0.0740616264534166
32_P_mc043,32,0.012601927353595258,0.012601927353595256,0.09366624691391777
32_P_mc044,32,0.006300963676797628,0.006300963676797628,0.05238133528865204
32_P_mc045,32,0.00704225352112676,0.007042253521126761,0.10223978018522017
32_P_mc046,32,0.014084507042253521,0.014084507042253521,0.215341671263132
32_P_mc047,32,0.018161601186063758,0.01816160118606375,0.1848903989654588
32_P_mc048,32,0.010378057820607859,0.010378057820607857,0.15463947888239962
32_P_mc049,32,0.002223869532987398,0.002223869532987398,0.03547238211231686
32_P_mc050,32,0.014825796886582657,0.014825796886582653,0.11907298737216335
32_P_mc051,32,0.021868050407709408,0.021868050407709415,0.2136284573889011
32_P_mc052,32,0.005930318754633061,0.005930318754633061,0.08605432179622277
32_P_mc053,32,0.010748702742772422,0.010748702742772424,0.1076558683538921
32_P_mc054,32,0.009266123054114159,0.009266123054114159,0.11989365899730173
32_P_mc055,32,0.006300963676797626,0.006300963676797628,0.11242533819805324
32_P_mc056,32,0.009266123054114159,0.009266123054114159,0.07443265240847169
32_P_mc057,32,0.010748702742772426,0.010748702742772424,0.07702205159393566
32_P_mc058,32,0.024833209785025945,0.024833209785025945,0.25138173538973124
32_P_mc059,32,0.02186805040770941,0.021868050407709415,0.21057642938574866
32_P_mc060,32,0.008524833209785025,0.008524833209785025,0.09340333628742867
32_P_mc061,32,0.00704225352112676,0.007042253521126761,0.09640973932871885
32_P_mc062,32,0.004077094143810229,0.00407709414381023,0.11041060683038482
32_P_mc063,32,0.007412898443291327,0.007412898443291327,0.04878041550276158
32_P_mc064,32,0.009266123054114157,0.009266123054114159,0.13862887148228664
32_P_mc065,32,0.010007412898443294,0.01000741289844329,0.11003289444951356
32_P_mc066,32,0.004077094143810229,0.00407709414381023,0.03562035422850641
32_P_mc067,32,0.007042253521126762,0.007042253521126761,0.057798453119573275
32_P_mc068,32,0.008154188287620462,0.00815418828762046,0.08265215036877316
32_P_mc069,32,0.005189028910303929,0.005189028910303929,0.06104496629277269
32_P_mc070,32,0.010378057820607859,0.010378057820607857,0.11800440853790976
32_P_mc071,32,0.014455151964418086,0.014455151964418088,0.14982950712413254
32_P_mc072,32,0.004818383988139363,0.004818383988139363,0.060542447313785566
32_P_mc073,32,0.0077835433654558925,0.007783543365455893,0.08289076084146632
32_P_mc074,32,0.00889547813194959,0.008895478131949592,0.09265513200851104
32_P_mc075,32,0.014825796886582653,0.014825796886582653,0.1874815106819776
32_P_mc076,32,0.01704966641957005,0.01704966641957005,0.14589070621144773
32_P_mc077,32,0.016679021497405487,0.016679021497405487,0.19174018662397047
32_P_mc078,32,0.014455151964418085,0.014455151964418088,0.13273920275837733
32_P_mc079,32,0.00815418828762046,0.00815418828762046,0.09955433474450298
32_P_mc080,32,0.009266123054114157,0.009266123054114159,0.07391887760345947
32_P_mc081,32,0.007783543365455893,0.007783543365455893,0.08694809073422784
32_P_mc082,32,0.007783543365455895,0.007783543365455893,0.10342158816527208
32_P_mc083,32,0.029280948851000733,0.02928094885100074,0.3149746727442967
32_P_mc084,32,0.022609340252038534,0.02260934025203855,0.1733276801900843
32_P_mc085,32,0.004447739065974796,0.004447739065974796,0.0566797207437619
32_P_mc086,32,0.00889547813194959,0.008895478131949592,0.07920810514951683
32_P_mc087,32,0.016679021497405487,0.016679021497405487,0.23116230236200475
32_P_mc088,32,0.0051890289103039295,0.005189028910303929,0.08710421470893874
32_P_mc089,32,0.0025945144551519643,0.0025945144551519643,0.07749087331974448
33_P_mc000,33,0.010271158586688579,0.010271158586688579,0.13034518190367836
33_P_mc001,33,0.009038619556285949,0.009038619556285949,0.0856550303863203
33_P_mc002,33,0.010682004930156124,0.010682004930156122,0.14329156210715055
33_P_mc003,33,0.019720624486442084,0.01972062448644207,0.1706328260239321
33_P_mc004,33,0.02054231717337715,0.020542317173377157,0.23477355891062818
33_P_mc005,33,0.010271158586688575,0.010271158586688579,0.09242520214058327
33_P_mc006,33,0.014379622021364006,0.01437962202136401,0.12063101778649274
33_P_mc007,33,0.017255546425636807,0.01725554642563681,0.17502024298191693
33_P_mc008,33,0.015201314708299097,0.015201314708299097,0.16918719360834528
33_P_mc009,33,0.012325390304026289,0.012325390304026294,0.12735034725529842
33_P_mc010,33,0.019309778142974528,0.019309778142974528,0.19424371222120526
33_P_mc011,33,0.009860312243221033,0.009860312243221035,0.12020647414628566
33_P_mc012,33,0.008627773212818405,0.008627773212818405,0.09593448912158571
33_P_mc013,33,0.017255546425636814,0.01725554642563681,0.14418245745586145
33_P_mc014,33,0.002875924404272802,0.002875924404272802,0.023824361941649233
33_P_mc015,33,0.008216926869350863,0.008216926869350863,0.12707077816953283
33_P_mc016,33,0.012325390304026296,0.012325390304026294,0.12992840645526624
33_P_mc017,33,0.011914543960558754,0.01191454396055875,0.2243869182814653
33_P_mc018,33,0.012736236647493836,0.012736236647493838,0.11767184944888308
33_P_mc019,33,0.009860312243221037,0.009860312243221035,0.17630233197394735
33_P_mc020,33,0.018898931799506993,0.018898931799506986,0.2234520892673959
33_P_mc021,33,0.015201314708299097,0.015201314708299097,0.15119264366480803
33_P_mc022,33,0.015201314708299097,0.015201314708299097,0.1442359700220631
33_P_mc023,33,0.007395234182415777,0.007395234182415777,0.08749695271418036
33_P_mc024,33,0.016433853738701723,0.016433853738701727,0.16771852556008804
33_P_mc025,33,0.0036976170912078883,0.0036976170912078883,0.032101664564939056
33_P_mc026,33,0.006984387838948234,0.006984387838948234,0.08161081168809874
33_P_mc027,33,0.005341002465078061,0.005341002465078061,0.07021709718145279
33_P_mc028,33,0.015201314708299093,0.015201314708299097,0.16928722813561947
33_P_mc029,33,0.006984387838948234,0.006984387838948234,0.08176537053824431
33_P_mc030,33,0.012736236647493841,0.012736236647493838,0.14104441166374015
33_P_mc031,33,0.012325390304026292,0.012325390304026294,0.09008528971601194
33_P_mc032,33,0.005751848808545604,0.005751848808545604,0.18879342482036365
33_P_mc033,33,0.026294165981922742,0.02629416598192276,0.20886364285999223
33_P_mc034,33,0.003286770747740345,0.003286770747740345,0.024512541516867617
33_P_mc035,33,0.005751848808545604,0.005751848808545604,0.05976100001572006
33_P_mc036,33,0.0078060805258833195,0.0078060805258833195,0.12179957751302245
33_P_mc037,33,0.01643385373870173,0.016433853738701727,0.20564170132377113
33_P_mc038,33,0.0152013147082991,0.015201314708299097,0.1598204591767987
33_P_mc039,33,0.004108463434675432,0.004108463434675432,0.03973603705194383
33_P_mc040,33,0.013557929334428929,0.013557929334428924,0.15028809530006765
33_P_mc041,33,0.006984387838948234,0.006984387838948234,0.060084587460580145
33_P_mc042,33,0.005341002465078061,0.005341002465078061,0.051399412900443885
33_P_mc043,33,0.025061626951520127,0.02506162695152013,0.26896917205416015
33_P_mc044,33,0.0078060805258833195,0.0078060805258833195,0.17793958312657665
33_P_mc045,33,0.020131470829909622,0.020131470829909615,0.17226510584017984
33_P_mc046,33,0.011503697617091208,0.011503697617091208,0.07921091532786163
33_P_mc047,33,0.014790468364831551,0.014790468364831553,0.17069672810215783
33_P_mc048,33,0.01437962202136401,0.01437962202136401,0.1447931270493569
33_P_mc049,33,0.006984387838948234,0.006984387838948234,0.10057041842728245
33_P_mc050,33,0.02013147082990962,0.020131470829909615,0.2233706293690697
33_P_mc051,33,0.011092851273623663,0.011092851273623664,0.1830538420148662
33_P_mc052,33,0.005751848808545604,0.005751848808545604,0.0548826521892522
33_P_mc053,33,0.008627773212818407,0.008627773212818405,0.12076098934167091
33_P_mc054,33,0.00657354149548069,0.00657354149548069,0.06420468940410938
33_P_mc055,33,0.01314708299096138,0.01314708299096138,0.1266039796253866
33_P_mc056,33,0.018077239112571895,0.018077239112571898,0.16200008284481526
33_P_mc057,33,0.009860312243221035,0.009860312243221035,0.10885112701011426
33_P_mc058,33,0.016023007395234184,0.01602300739523418,0.15727191522807069
33_P_mc059,33,0.008627773212818405,0.008627773212818405,0.09597226426854509
33_P_mc060,33,0.020953163516844703,0.0209531635168447,0.19108758602798281
33_P_mc061,33,0.00657354149548069,0.00657354149548069,0.08426190991711094
33_P_mc062,33,0.015612161051766642,0.015612161051766639,0.2070776815177044
33_P_mc063,33,0.018488085456039437,0.01848808545603944,0.21863494275326095
33_P_mc064,33,0.0045193097781429745,0.0045193097781429745,0.047268208302173334
33_P_mc065,33,0.010682004930156122,0.010682004930156122,0.09445259153843479
33_P_mc066,33,0.006162695152013147,0.006162695152013147,0.08447452453873916
33_P_mc067,33,0.010271158586688579,0.010271158586688579,0.09051496813359931
33_P_mc068,33,0.010682004930156119,0.010682004930156122,0.10244038769646141
33_P_mc069,33,0.02670501232539031,0.026705012325390305,0.3343741036384309
33_P_mc070,33,0.011092851273623664,0.011092851273623664,0.10750536107748426
33_P_mc071,33,0.027937551355792938,0.027937551355792935,0.2971701621400897
33_P_mc072,33,0.004108463434675432,0.004108463434675432,0.059629475474783936
33_P_mc073,33,0.005751848808545604,0.005751848808545604,0.06272106272423728
33_P_mc074,33,0.009038619556285946,0.009038619556285949,0.09622138452130465
33_P_mc075,33,0.008627773212818404,0.008627773212818405,0.10301397179043467
33_P_mc076,33,0.020953163516844706,0.0209531635168447,0.2073251780414524
33_P_mc077,33,0.029170090386195568,0.029170090386195564,0.2720950322918233
33_P_mc078,33,0.011092851273623664,0.011092851273623664,0.11298510849036833
33_P_mc079,33,0.011914543960558742,0.01191454396055875,0.13816389305002072
33_P_mc080,33,0.01150369761709121,0.011503697617091208,0.14617926803563053
36_P_mc000,36,0.14193548387096774,0.14193548387096774,1.7973452054910177
36_P_mc001,36,0.21935483870967742,0.21935483870967742,4.7112650398354905
36_P_mc002,36,0.25161290322580643,0.25161290322580643,6.548428779898452
36_P_mc003,36,0.23225806451612901,0.23225806451612904,5.00778653599422
36_P_mc004,36,0.15483870967741936,0.15483870967741936,1.675796223572887
